IP Address,Trace Route (Hops)
175.116.239.145,만료되었습니다. -> 만료되었습니다. -> 100.81.225.213 -> 10.67.254.158 -> 10.222.35.210 -> 10.222.24.67 -> 10.65.253.29 -> 100.74.57.154 -> 175.116.239.145
180.67.238.211,만료되었습니다. -> 만료되었습니다. -> 100.81.225.213 -> 10.67.254.152 -> 10.222.22.234 -> 10.222.24.241 -> 10.65.253.65 -> 100.74.81.246 -> 180.67.238.211
118.219.77.33,만료되었습니다. -> 만료되었습니다. -> 100.81.225.213 -> 10.67.254.154 -> 10.222.18.148 -> 10.222.24.241 -> 10.65.253.19 -> 100.74.122.66 -> 118.219.77.33
116.122.106.33,만료되었습니다. -> 만료되었습니다. -> 100.81.225.213 -> 10.67.254.156 -> 10.222.9.10 -> 10.222.24.69 -> 10.65.251.3 -> 10.251.75.230 -> 116.122.106.33
1.224.122.91,만료되었습니다. -> 만료되었습니다. -> 100.81.225.213 -> 10.67.254.158 -> 10.222.9.6 -> 10.222.24.247 -> 10.65.253.95 -> 100.74.144.166 -> 1.224.122.91
175.112.51.85,만료되었습니다. -> 만료되었습니다. -> 100.81.225.213 -> 10.67.254.154 -> 10.222.35.214 -> 10.222.24.253 -> 10.65.253.65 -> 100.74.102.210 -> 175.112.51.85
1.225.116.27,만료되었습니다. -> 만료되었습니다. -> 100.81.225.213 -> 10.67.254.156 -> 10.222.9.2 -> 10.222.24.241 -> 10.65.253.129 -> 100.74.128.42 -> 1.225.116.27
211.202.127.245,만료되었습니다. -> 만료되었습니다. -> 100.81.225.213 -> 10.67.254.156 -> 10.222.22.240 -> 10.222.24.255 -> 10.65.253.183 -> 100.74.184.222 -> 211.202.127.245
123.214.67.133,만료되었습니다. -> 만료되었습니다. -> 100.81.225.213 -> 10.67.254.156 -> 10.222.22.240 -> 10.222.24.71 -> 10.65.251.29 -> 100.74.96.18 -> 100.74.48.30 -> 123.214.67.133
211.245.112.47,만료되었습니다. -> 만료되었습니다. -> 100.81.225.213 -> 10.67.254.156 -> 10.222.18.160 -> 10.222.24.69 -> 10.65.253.65 -> 100.74.67.150 -> 100.74.102.142 -> 211.245.112.47
218.236.103.149,만료되었습니다. -> 만료되었습니다. -> 100.81.225.213 -> 10.67.254.158 -> 10.222.9.14 -> 10.222.24.253 -> 10.65.253.81 -> 100.74.67.150 -> 100.74.100.138 -> 218.236.103.149
116.122.111.53,만료되었습니다. -> 만료되었습니다. -> 100.81.225.217 -> 10.67.254.162 -> 10.222.18.152 -> 10.222.24.69 -> 10.65.253.89 -> 100.74.67.154 -> 100.74.226.190 -> 116.122.111.53
1.236.45.47,만료되었습니다. -> 만료되었습니다. -> 100.81.225.213 -> 10.67.254.154 -> 10.222.35.208 -> 10.222.24.245 -> 10.65.251.23 -> 100.74.115.234 -> 100.74.165.62 -> 1.236.45.47
221.143.223.37,만료되었습니다. -> 만료되었습니다. -> 100.81.225.217 -> 10.67.254.164 -> 10.222.18.156 -> 10.222.19.161 -> 10.222.20.109 -> 10.47.252.23 -> 100.75.46.254 -> 만료되었습니다. -> 221.143.223.37
210.178.93.23,192.168.0.1 -> 58.226.48.65 -> 100.81.225.217 -> 10.67.254.164 -> 10.222.35.210 -> 10.222.10.181 -> 211.44.125.213 -> 만료되었습니다. -> 112.174.56.38 -> 만료되었습니다. -> 112.188.81.62 -> 210.178.93.23
183.97.164.73,192.168.0.1 -> 58.226.48.65 -> 100.81.225.213 -> 10.67.254.154 -> 10.222.9.8 -> 10.222.32.147 -> 59.18.60.229 -> 만료되었습니다. -> 112.174.58.94 -> 만료되었습니다. -> 112.188.93.98 -> 183.97.164.73
119.192.190.75,만료되었습니다. -> 만료되었습니다. -> 100.81.225.213 -> 10.67.254.154 -> 10.222.9.4 -> 10.222.10.185 -> 211.44.125.45 -> 만료되었습니다. -> 112.174.58.226 -> 만료되었습니다. -> 112.188.69.22 -> 119.192.190.75
175.213.120.13,만료되었습니다. -> 58.226.48.65 -> 100.81.225.217 -> 10.67.254.160 -> 10.222.18.154 -> 10.222.11.193 -> 211.44.125.221 -> 만료되었습니다. -> 112.174.56.46 -> 만료되었습니다. -> 만료되었습니다. -> 175.213.120.13
183.97.141.183,만료되었습니다. -> 만료되었습니다. -> 100.81.225.217 -> 10.67.254.162 -> 10.222.22.238 -> 10.222.11.191 -> 211.44.125.223 -> 만료되었습니다. -> 112.174.63.174 -> 만료되었습니다. -> 112.188.81.10 -> 183.97.141.183
168.126.108.137,만료되었습니다. -> 만료되었습니다. -> 100.81.225.213 -> 10.67.254.152 -> 10.222.9.0 -> 10.222.32.81 -> 59.18.60.241 -> 만료되었습니다. -> 112.174.56.34 -> 만료되었습니다. -> 112.188.93.118 -> 168.126.108.137
210.179.98.27,만료되었습니다. -> 만료되었습니다. -> 100.81.225.217 -> 10.67.254.166 -> 10.222.18.158 -> 10.222.10.199 -> 211.44.125.49 -> 만료되었습니다. -> 112.174.56.138 -> 만료되었습니다. -> 112.188.81.18 -> 210.179.98.27
106.101.76.47,192.168.0.1 -> 58.226.48.65 -> 100.81.225.213 -> 10.67.254.156 -> 10.222.18.160 -> 10.222.11.145 -> 124.111.70.37 -> 1.208.178.110 -> 만료되었습니다. -> 만료되었습니다. -> 만료되었습니다. -> 만료되었습니다.
104.28.100.65,만료되었습니다. -> 만료되었습니다. -> 100.81.225.217 -> 10.67.254.166 -> 10.222.9.2 -> 10.222.16.65 -> 211.45.68.58 -> 211.45.68.85 -> 211.45.68.86 -> 211.56.189.126 -> 141.101.82.12 -> 만료되었습니다.
125.142.47.143,만료되었습니다. -> 만료되었습니다. -> 100.81.225.217 -> 10.67.254.160 -> 10.222.18.150 -> 10.222.10.199 -> 211.44.125.49 -> 만료되었습니다. -> 112.174.56.46 -> 만료되었습니다. -> 112.188.93.54 -> 만료되었습니다.
222.120.197.59,만료되었습니다. -> 만료되었습니다. -> 100.81.225.213 -> 10.67.254.154 -> 10.222.22.238 -> 10.222.32.143 -> 59.18.60.229 -> 만료되었습니다. -> 112.174.56.46 -> 만료되었습니다. -> 112.188.89.250 -> 만료되었습니다.
128.134.103.139,만료되었습니다. -> 58.226.48.65 -> 100.81.225.217 -> 10.67.254.160 -> 10.222.22.238 -> 10.222.11.187 -> 211.44.125.221 -> 만료되었습니다. -> 112.174.56.38 -> 만료되었습니다. -> 만료되었습니다. -> 128.134.103.139
211.227.79.219,만료되었습니다. -> 58.226.48.65 -> 100.81.225.217 -> 10.67.254.164 -> 10.222.35.212 -> 10.222.32.143 -> 218.145.32.21 -> 만료되었습니다. -> 112.174.58.90 -> 만료되었습니다. -> 만료되었습니다. -> 211.227.79.219
106.101.132.27,만료되었습니다. -> 만료되었습니다. -> 100.81.225.217 -> 10.67.254.162 -> 10.222.9.4 -> 10.222.10.137 -> 124.111.70.33 -> 1.208.104.86 -> 만료되었습니다. -> 만료되었습니다. -> 만료되었습니다. -> 만료되었습니다.
211.204.31.31,만료되었습니다. -> 만료되었습니다. -> 100.81.225.213 -> 10.67.254.158 -> 10.222.9.2 -> 10.222.24.65 -> 10.65.253.177 -> 100.74.124.110 -> 100.74.0.62 -> 만료되었습니다. -> 만료되었습니다. -> 만료되었습니다.
118.235.12.161,만료되었습니다. -> 만료되었습니다. -> 100.81.225.213 -> 10.67.254.154 -> 10.222.35.208 -> 10.222.10.147 -> 124.111.70.47 -> 110.69.19.25 -> 110.69.17.14 -> 만료되었습니다. -> 만료되었습니다. -> 만료되었습니다.
118.235.12.123,만료되었습니다. -> 만료되었습니다. -> 100.81.225.217 -> 10.67.254.164 -> 10.222.22.236 -> 10.222.10.133 -> 124.111.70.45 -> 110.69.19.17 -> 110.69.17.66 -> 만료되었습니다. -> 만료되었습니다. -> 만료되었습니다.
118.235.15.215,만료되었습니다. -> 만료되었습니다. -> 100.81.225.213 -> 10.67.254.154 -> 10.222.18.154 -> 10.222.11.157 -> 124.111.70.43 -> 110.69.35.13 -> 110.69.33.78 -> 만료되었습니다. -> 만료되었습니다. -> 만료되었습니다.
14.38.191.241,만료되었습니다. -> 만료되었습니다. -> 100.81.225.213 -> 10.67.254.156 -> 10.222.35.210 -> 10.222.32.61 -> 59.18.60.237 -> 만료되었습니다. -> 112.174.56.34 -> 만료되었습니다. -> 112.188.81.6 -> 만료되었습니다.
58.29.228.113,만료되었습니다. -> 58.226.48.65 -> 100.81.225.213 -> 10.67.254.158 -> 10.222.9.6 -> 10.222.10.181 -> 115.89.240.241 -> 만료되었습니다. -> 만료되었습니다. -> 만료되었습니다. -> 1.213.149.114 -> 만료되었습니다.
112.157.129.227,만료되었습니다. -> 58.226.48.65 -> 100.81.225.213 -> 10.67.254.152 -> 10.222.18.148 -> 10.222.32.85 -> 211.44.125.199 -> 만료되었습니다. -> 만료되었습니다. -> 만료되었습니다. -> 만료되었습니다. -> 1.208.144.102
112.152.209.193,만료되었습니다. -> 만료되었습니다. -> 100.81.225.217 -> 10.67.254.160 -> 10.222.18.152 -> 10.222.11.191 -> 210.120.1.141 -> 만료되었습니다. -> 만료되었습니다. -> 만료되었습니다. -> 1.208.112.102 -> 1.213.152.174
211.40.108.163,만료되었습니다. -> 만료되었습니다. -> 100.81.225.213 -> 10.67.254.156 -> 10.222.9.2 -> 10.222.10.173 -> 211.44.125.205 -> 만료되었습니다. -> 만료되었습니다. -> 만료되었습니다. -> 1.208.112.46 -> 1.208.144.250
123.142.232.131,만료되었습니다. -> 만료되었습니다. -> 100.81.225.217 -> 10.67.254.162 -> 10.222.18.150 -> 10.222.10.185 -> 115.89.240.241 -> 만료되었습니다. -> 만료되었습니다. -> 만료되었습니다. -> 1.208.105.58 -> 1.208.167.126
123.143.97.139,만료되었습니다. -> 만료되었습니다. -> 100.81.225.217 -> 10.67.254.166 -> 10.222.9.10 -> 10.222.32.149 -> 115.90.14.129 -> 만료되었습니다. -> 만료되었습니다. -> 만료되었습니다. -> 1.213.112.138 -> 1.213.106.106
124.50.31.13,만료되었습니다. -> 만료되었습니다. -> 100.81.225.213 -> 10.67.254.156 -> 10.222.9.10 -> 10.222.11.185 -> 210.120.1.141 -> 만료되었습니다. -> 만료되었습니다. -> 만료되었습니다. -> 1.213.112.10 -> 1.213.152.174
106.101.132.31,만료되었습니다. -> 만료되었습니다. -> 100.81.225.217 -> 10.67.254.160 -> 10.222.9.0 -> 10.222.10.133 -> 124.111.70.33 -> 1.208.104.86 -> 만료되었습니다. -> 만료되었습니다. -> 만료되었습니다. -> 만료되었습니다.
106.101.134.15,만료되었습니다. -> 만료되었습니다. -> 100.81.225.213 -> 10.67.254.158 -> 10.222.18.158 -> 10.222.10.147 -> 124.111.70.35 -> 123.140.6.22 -> 만료되었습니다. -> 만료되었습니다. -> 만료되었습니다. -> 만료되었습니다.
106.101.134.5,만료되었습니다. -> 만료되었습니다. -> 100.81.225.217 -> 10.67.254.166 -> 10.222.22.240 -> 10.222.11.149 -> 124.111.70.37 -> 123.140.8.238 -> 만료되었습니다. -> 만료되었습니다. -> 만료되었습니다. -> 만료되었습니다.
106.101.135.149,만료되었습니다. -> 만료되었습니다. -> 100.81.225.217 -> 10.67.254.166 -> 10.222.35.210 -> 10.222.10.145 -> 124.111.70.35 -> 1.208.178.198 -> 만료되었습니다. -> 만료되었습니다. -> 만료되었습니다. -> 만료되었습니다.
106.101.0.7,만료되었습니다. -> 만료되었습니다. -> 100.81.225.213 -> 10.67.254.156 -> 10.222.18.162 -> 10.222.11.157 -> 124.111.70.39 -> 1.213.104.26 -> 만료되었습니다. -> 만료되었습니다. -> 만료되었습니다. -> 만료되었습니다.
39.7.46.33,만료되었습니다. -> 만료되었습니다. -> 100.81.225.217 -> 10.67.254.160 -> 10.222.18.154 -> 10.222.11.157 -> 124.111.70.43 -> 110.69.34.9 -> 110.69.32.66 -> 만료되었습니다. -> 만료되었습니다. -> 만료되었습니다.
118.235.24.189,만료되었습니다. -> 만료되었습니다. -> 100.81.225.217 -> 10.67.254.162 -> 10.222.9.12 -> 10.222.11.157 -> 124.111.70.43 -> 110.69.35.9 -> 110.69.33.82 -> 만료되었습니다. -> 만료되었습니다. -> 만료되었습니다.
118.235.4.107,만료되었습니다. -> 만료되었습니다. -> 100.81.225.217 -> 10.67.254.164 -> 10.222.18.158 -> 10.222.10.139 -> 124.111.70.45 -> 110.69.34.17 -> 110.69.32.10 -> 만료되었습니다. -> 만료되었습니다. -> 만료되었습니다.
118.235.0.17,만료되었습니다. -> 만료되었습니다. -> 100.81.225.213 -> 10.67.254.152 -> 10.222.22.234 -> 10.222.10.143 -> 124.111.70.47 -> 110.69.18.29 -> 110.69.16.14 -> 만료되었습니다. -> 만료되었습니다. -> 만료되었습니다.
118.235.66.149,만료되었습니다. -> 만료되었습니다. -> 100.81.225.213 -> 10.67.254.156 -> 10.222.9.10 -> 10.222.11.153 -> 124.111.70.43 -> 110.69.19.13 -> 110.69.17.10 -> 만료되었습니다. -> 만료되었습니다. -> 만료되었습니다.
58.29.190.211,만료되었습니다. -> 만료되었습니다. -> 100.81.225.213 -> 10.67.254.156 -> 10.222.9.14 -> 10.222.32.121 -> 211.44.125.201 -> 만료되었습니다. -> 만료되었습니다. -> 만료되었습니다. -> 1.208.178.94 -> 만료되었습니다.
61.43.122.225,만료되었습니다. -> 만료되었습니다. -> 100.81.225.213 -> 10.67.254.152 -> 10.222.22.234 -> 10.222.10.179 -> 115.89.240.241 -> 만료되었습니다. -> 만료되었습니다. -> 만료되었습니다. -> 1.208.179.126 -> 만료되었습니다.
119.193.18.165,만료되었습니다. -> 만료되었습니다. -> 100.81.225.217 -> 10.67.254.162 -> 10.222.22.234 -> 10.222.10.179 -> 211.44.125.213 -> 만료되었습니다. -> 112.174.56.130 -> 만료되었습니다. -> 59.7.10.22 -> 만료되었습니다.
1.236.27.231,만료되었습니다. -> 만료되었습니다. -> 100.81.225.213 -> 10.67.254.152 -> 10.222.22.238 -> 10.222.24.69 -> 10.65.253.49 -> 100.74.150.2 -> 100.74.122.138 -> 만료되었습니다. -> 만료되었습니다. -> 만료되었습니다.
58.29.179.187,만료되었습니다. -> 만료되었습니다. -> 100.81.225.213 -> 10.67.254.152 -> 10.222.22.234 -> 10.222.10.173 -> 115.89.240.241 -> 만료되었습니다. -> 만료되었습니다. -> 만료되었습니다. -> 1.208.179.126 -> 만료되었습니다.
58.151.98.103,만료되었습니다. -> 만료되었습니다. -> 100.81.225.213 -> 10.67.254.158 -> 10.222.18.162 -> 10.222.11.213 -> 115.89.240.121 -> 만료되었습니다. -> 만료되었습니다. -> 만료되었습니다. -> 만료되었습니다. -> 1.213.106.194
211.235.102.253,만료되었습니다. -> 58.226.48.65 -> 100.81.225.217 -> 10.67.254.160 -> 10.222.9.8 -> 10.222.16.77 -> 만료되었습니다. -> 만료되었습니다. -> 만료되었습니다. -> 만료되었습니다. -> 만료되었습니다. -> 만료되었습니다.
211.255.161.147,만료되었습니다. -> 만료되었습니다. -> 100.81.225.217 -> 10.67.254.166 -> 10.222.9.14 -> 10.222.11.157 -> 39.120.4.159 -> 만료되었습니다. -> 만료되었습니다. -> 만료되었습니다. -> 만료되었습니다. -> 만료되었습니다.
211.255.161.25,만료되었습니다. -> 만료되었습니다. -> 100.81.225.213 -> 10.67.254.156 -> 10.222.22.240 -> 10.222.11.159 -> 39.120.4.159 -> 만료되었습니다. -> 만료되었습니다. -> 만료되었습니다. -> 만료되었습니다. -> 만료되었습니다.
14.57.254.103,만료되었습니다. -> 58.226.48.65 -> 100.81.225.217 -> 10.67.254.162 -> 10.222.18.152 -> 10.222.11.205 -> 211.44.125.225 -> 만료되었습니다. -> 112.174.58.82 -> 만료되었습니다. -> 만료되었습니다. -> 만료되었습니다.
61.39.173.215,만료되었습니다. -> 만료되었습니다. -> 100.81.225.217 -> 10.67.254.162 -> 10.222.35.214 -> 10.222.11.209 -> 115.89.240.121 -> 만료되었습니다. -> 만료되었습니다. -> 만료되었습니다. -> 1.213.149.114 -> 만료되었습니다.
116.33.100.143,만료되었습니다. -> 만료되었습니다. -> 100.81.225.213 -> 10.67.254.152 -> 10.222.9.0 -> 10.222.10.189 -> 211.44.125.207 -> 만료되었습니다. -> 만료되었습니다. -> 만료되었습니다. -> 만료되었습니다. -> 1.208.167.30
112.157.54.171,만료되었습니다. -> 만료되었습니다. -> 100.81.225.217 -> 10.67.254.164 -> 10.222.18.162 -> 10.222.11.211 -> 211.44.125.211 -> 만료되었습니다. -> 만료되었습니다. -> 211.63.38.85 -> 1.208.112.46 -> 1.213.106.106
223.38.95.247,만료되었습니다. -> 만료되었습니다. -> 100.81.225.213 -> 10.67.254.158 -> 10.222.22.236 -> 10.222.15.203 -> 만료되었습니다. -> 만료되었습니다. -> 만료되었습니다. -> 만료되었습니다. -> 만료되었습니다. -> 만료되었습니다.
223.38.183.45,만료되었습니다. -> 만료되었습니다. -> 100.81.225.217 -> 10.67.254.166 -> 10.222.18.156 -> 10.222.15.203 -> 만료되었습니다. -> 만료되었습니다. -> 만료되었습니다. -> 만료되었습니다. -> 만료되었습니다. -> 만료되었습니다.
211.234.183.253,만료되었습니다. -> 만료되었습니다. -> 100.81.225.217 -> 10.67.254.160 -> 10.222.35.214 -> 10.222.11.135 -> 만료되었습니다. -> 만료되었습니다. -> 만료되었습니다. -> 만료되었습니다. -> 만료되었습니다. -> 만료되었습니다.
211.234.196.151,만료되었습니다. -> 만료되었습니다. -> 100.81.225.213 -> 10.67.254.154 -> 10.222.22.238 -> 10.222.11.131 -> 만료되었습니다. -> 만료되었습니다. -> 만료되었습니다. -> 만료되었습니다. -> 만료되었습니다. -> 만료되었습니다.
211.234.234.183,만료되었습니다. -> 만료되었습니다. -> 100.81.225.213 -> 10.67.254.156 -> 10.222.22.236 -> 10.222.10.119 -> 만료되었습니다. -> 만료되었습니다. -> 만료되었습니다. -> 만료되었습니다. -> 만료되었습니다. -> 만료되었습니다.
223.39.92.227,만료되었습니다. -> 만료되었습니다. -> 100.81.225.217 -> 10.67.254.160 -> 10.222.9.12 -> 10.222.11.143 -> 만료되었습니다. -> 만료되었습니다. -> 만료되었습니다. -> 만료되었습니다. -> 만료되었습니다. -> 만료되었습니다.
211.235.72.59,만료되었습니다. -> 만료되었습니다. -> 100.81.225.217 -> 10.67.254.160 -> 10.222.18.152 -> 10.222.11.137 -> 만료되었습니다. -> 만료되었습니다. -> 만료되었습니다. -> 만료되었습니다. -> 만료되었습니다. -> 만료되었습니다.
211.249.40.23,만료되었습니다. -> 만료되었습니다. -> 100.81.225.217 -> 10.67.254.164 -> 10.222.9.10 -> 10.222.11.147 -> 만료되었습니다. -> 만료되었습니다. -> 만료되었습니다. -> 만료되었습니다. -> 만료되었습니다. -> 만료되었습니다.
211.234.183.79,만료되었습니다. -> 만료되었습니다. -> 100.81.225.217 -> 10.67.254.160 -> 10.222.18.148 -> 10.222.10.117 -> 만료되었습니다. -> 만료되었습니다. -> 만료되었습니다. -> 만료되었습니다. -> 만료되었습니다. -> 만료되었습니다.
61.39.229.195,만료되었습니다. -> 만료되었습니다. -> 100.81.225.217 -> 10.67.254.162 -> 10.222.35.208 -> 10.222.10.199 -> 211.32.41.249 -> 만료되었습니다. -> 만료되었습니다. -> 만료되었습니다. -> 만료되었습니다. -> 만료되었습니다.
58.29.188.33,192.168.0.1 -> 58.226.48.65 -> 100.81.225.217 -> 10.67.254.162 -> 10.222.18.150 -> 10.222.32.59 -> 211.44.125.197 -> 만료되었습니다. -> 만료되었습니다. -> 만료되었습니다. -> 1.208.179.70 -> 만료되었습니다.
211.235.70.63,만료되었습니다. -> 58.226.48.65 -> 100.81.225.217 -> 10.67.254.164 -> 10.222.22.240 -> 10.222.16.79 -> 만료되었습니다. -> 만료되었습니다. -> 만료되었습니다. -> 만료되었습니다. -> 만료되었습니다. -> 만료되었습니다.
1.236.131.229,만료되었습니다. -> 58.226.48.65 -> 100.81.225.217 -> 10.67.254.160 -> 10.222.22.234 -> 10.222.24.243 -> 10.65.251.31 -> 만료되었습니다. -> 1.236.131.229
49.175.76.131,192.168.0.1 -> 58.226.48.65 -> 100.81.225.213 -> 10.67.254.158 -> 10.222.18.160 -> 10.222.11.189 -> 211.44.125.209 -> 만료되었습니다. -> 만료되었습니다. -> 만료되었습니다. -> 1.213.112.138 -> 1.208.144.250
211.227.79.143,192.168.0.1 -> 58.226.48.65 -> 100.81.225.217 -> 10.67.254.160 -> 10.222.9.4 -> 10.222.32.89 -> 218.145.32.29 -> 만료되었습니다. -> 112.174.58.90 -> 만료되었습니다. -> 112.188.85.74 -> 211.227.79.143
118.235.26.159,192.168.0.1 -> 58.226.48.65 -> 100.81.225.213 -> 10.67.254.158 -> 10.222.18.162 -> 10.222.11.159 -> 124.111.70.43 -> 110.69.19.9 -> 110.69.17.26 -> 만료되었습니다. -> 만료되었습니다. -> 만료되었습니다.
1.236.212.71,192.168.0.1 -> 58.226.48.65 -> 100.81.225.213 -> 10.67.254.154 -> 10.222.9.12 -> 10.222.24.71 -> 10.65.253.95 -> 100.74.67.154 -> 100.74.69.210 -> 만료되었습니다. -> 만료되었습니다. -> 만료되었습니다.
222.120.80.87,만료되었습니다. -> 58.226.48.65 -> 100.81.225.217 -> 10.67.254.160 -> 10.222.18.148 -> 10.222.10.189 -> 211.44.125.49 -> 만료되었습니다. -> 112.174.56.142 -> 만료되었습니다. -> 112.188.87.98 -> 만료되었습니다.
112.152.67.169,만료되었습니다. -> 58.226.48.65 -> 100.81.225.213 -> 10.67.254.158 -> 10.222.9.10 -> 10.222.11.185 -> 210.120.1.141 -> 만료되었습니다. -> 만료되었습니다. -> 211.53.88.213 -> 1.208.178.94 -> 만료되었습니다.
116.33.100.205,만료되었습니다. -> 58.226.48.65 -> 100.81.225.217 -> 10.67.254.160 -> 10.222.18.148 -> 10.222.10.175 -> 211.44.125.205 -> 만료되었습니다. -> 만료되었습니다. -> 만료되었습니다. -> 1.208.112.78 -> 1.213.152.118
218.235.81.95,만료되었습니다. -> 만료되었습니다. -> 100.81.225.217 -> 10.67.254.164 -> 10.222.22.236 -> 10.222.24.65 -> 10.65.253.25 -> 100.74.82.110 -> 218.235.81.95
211.202.41.49,만료되었습니다. -> 만료되었습니다. -> 100.81.225.213 -> 10.67.254.156 -> 10.222.18.160 -> 10.222.24.69 -> 10.65.251.21 -> 만료되었습니다. -> 211.202.41.49
175.123.125.161,만료되었습니다. -> 58.226.48.65 -> 100.81.225.217 -> 10.67.254.160 -> 10.222.35.214 -> 10.222.24.71 -> 10.65.251.63 -> 100.74.54.194 -> 100.74.100.202 -> 175.123.125.161
110.14.207.147,만료되었습니다. -> 만료되었습니다. -> 100.81.225.213 -> 10.67.254.156 -> 10.222.18.156 -> 10.222.24.241 -> 10.65.253.57 -> 100.74.128.6 -> 110.14.207.147
211.202.77.123,만료되었습니다. -> 만료되었습니다. -> 100.81.225.213 -> 10.67.254.154 -> 10.222.22.234 -> 10.222.24.241 -> 10.65.251.57 -> 100.74.187.162 -> 211.202.77.123
211.234.224.53,만료되었습니다. -> 58.226.48.65 -> 100.81.225.217 -> 10.67.254.162 -> 10.222.9.12 -> 10.222.11.133 -> 만료되었습니다. -> 만료되었습니다. -> 만료되었습니다. -> 만료되었습니다. -> 만료되었습니다. -> 만료되었습니다.
14.57.253.121,192.168.0.1 -> 58.226.48.65 -> 100.81.225.213 -> 10.67.254.158 -> 10.222.9.2 -> 10.222.32.79 -> 218.145.32.29 -> 만료되었습니다. -> 112.174.58.90 -> 만료되었습니다. -> 만료되었습니다. -> 14.57.253.121
1.236.80.19,만료되었습니다. -> 만료되었습니다. -> 100.81.225.217 -> 10.67.254.162 -> 10.222.9.0 -> 10.222.24.243 -> 10.65.253.183 -> 100.74.54.194 -> 100.74.66.254 -> 1.236.80.19
211.234.197.21,만료되었습니다. -> 58.226.48.65 -> 100.81.225.217 -> 10.67.254.162 -> 10.222.9.4 -> 10.222.10.123 -> 만료되었습니다. -> 만료되었습니다. -> 만료되었습니다. -> 만료되었습니다. -> 만료되었습니다. -> 만료되었습니다.
211.234.234.129,만료되었습니다. -> 58.226.48.65 -> 100.81.225.213 -> 10.67.254.154 -> 10.222.22.238 -> 10.222.11.129 -> 만료되었습니다. -> 만료되었습니다. -> 만료되었습니다. -> 만료되었습니다. -> 만료되었습니다. -> 만료되었습니다.
1.224.149.29,만료되었습니다. -> 만료되었습니다. -> 100.81.225.217 -> 10.67.254.160 -> 10.222.9.8 -> 10.222.24.69 -> 10.65.253.157 -> 100.74.122.54 -> 1.224.149.29
211.59.246.59,만료되었습니다. -> 만료되었습니다. -> 100.81.225.217 -> 10.67.254.160 -> 10.222.9.8 -> 10.222.24.249 -> 10.65.251.35 -> 100.74.124.118 -> 100.74.12.94 -> 211.59.246.59
58.234.18.223,만료되었습니다. -> 만료되었습니다. -> 100.81.225.217 -> 10.67.254.166 -> 10.222.18.156 -> 10.222.24.241 -> 10.65.253.69 -> 100.74.115.234 -> 100.74.162.58 -> 58.234.18.223
118.235.74.101,만료되었습니다. -> 58.226.48.65 -> 100.81.225.213 -> 10.67.254.152 -> 10.222.35.214 -> 10.222.11.149 -> 124.111.70.41 -> 110.69.34.5 -> 110.69.32.66 -> 만료되었습니다. -> 만료되었습니다. -> 만료되었습니다.
183.101.62.21,만료되었습니다. -> 58.226.48.65 -> 100.81.225.217 -> 10.67.254.164 -> 10.222.9.10 -> 10.222.32.113 -> 218.145.32.17 -> 만료되었습니다. -> 112.174.100.254 -> 만료되었습니다. -> 183.101.62.21
119.193.18.23,만료되었습니다. -> 58.226.48.65 -> 100.81.225.217 -> 10.67.254.164 -> 10.222.22.240 -> 10.222.32.155 -> 218.145.32.21 -> 만료되었습니다. -> 112.174.58.86 -> 만료되었습니다. -> 59.7.10.22 -> 1.236.2.194
211.234.234.169,만료되었습니다. -> 58.226.48.65 -> 100.81.225.213 -> 10.67.254.152 -> 10.222.35.214 -> 10.222.11.135 -> 만료되었습니다. -> 만료되었습니다. -> 만료되었습니다. -> 만료되었습니다. -> 만료되었습니다. -> 만료되었습니다.
222.101.38.101,만료되었습니다. -> 58.226.48.65 -> 100.81.225.217 -> 10.67.254.166 -> 10.222.18.162 -> 10.222.11.197 -> 211.44.125.215 -> 만료되었습니다. -> 112.174.63.166 -> 만료되었습니다. -> 만료되었습니다. -> 222.101.38.101
183.97.161.183,만료되었습니다. -> 58.226.48.65 -> 100.81.225.213 -> 10.67.254.152 -> 10.222.22.234 -> 10.222.10.191 -> 211.44.125.49 -> 만료되었습니다. -> 112.174.63.174 -> 만료되었습니다. -> 만료되었습니다. -> 183.97.161.183
125.142.6.207,만료되었습니다. -> 58.226.48.65 -> 100.81.225.217 -> 10.67.254.160 -> 10.222.22.234 -> 10.222.32.49 -> 211.44.125.47 -> 만료되었습니다. -> 112.174.56.42 -> 만료되었습니다. -> 112.188.93.78 -> 125.142.6.207
125.142.75.169,만료되었습니다. -> 58.226.48.65 -> 100.81.225.213 -> 10.67.254.154 -> 10.222.22.234 -> 10.222.10.175 -> 211.44.125.45 -> 만료되었습니다. -> 112.174.56.142 -> 만료되었습니다. -> 112.188.87.18 -> 125.142.75.169
58.234.129.7,만료되었습니다. -> 58.226.48.65 -> 100.81.225.217 -> 10.67.254.164 -> 10.222.9.14 -> 10.222.24.255 -> 10.65.253.183 -> 100.74.54.190 -> 100.74.81.194 -> 58.234.129.7
180.65.56.247,만료되었습니다. -> 58.226.48.65 -> 100.81.225.217 -> 10.67.254.164 -> 10.222.35.212 -> 10.222.24.69 -> 10.65.253.179 -> 100.74.173.194 -> 100.74.178.162 -> 180.65.56.247
112.153.218.235,192.168.0.1 -> 58.226.48.65 -> 100.81.225.213 -> 10.67.254.152 -> 10.222.18.154 -> 10.222.32.151 -> 211.44.125.203 -> 만료되었습니다. -> 만료되었습니다. -> 만료되었습니다. -> 1.208.178.94 -> 만료되었습니다.
14.53.65.65,만료되었습니다. -> 58.226.48.65 -> 100.81.225.217 -> 10.67.254.160 -> 10.222.18.148 -> 10.222.32.49 -> 211.44.125.47 -> 만료되었습니다. -> 112.174.58.86 -> 만료되었습니다. -> 만료되었습니다. -> 175.194.7.174
106.101.135.177,만료되었습니다. -> 58.226.48.65 -> 100.81.225.213 -> 10.67.254.152 -> 10.222.35.214 -> 10.222.11.149 -> 124.111.70.37 -> 1.208.105.70 -> 만료되었습니다. -> 만료되었습니다. -> 만료되었습니다. -> 만료되었습니다.
175.211.191.173,만료되었습니다. -> 58.226.48.65 -> 100.81.225.213 -> 10.67.254.154 -> 10.222.22.234 -> 10.222.32.81 -> 218.145.32.29 -> 만료되었습니다. -> 112.174.63.170 -> 만료되었습니다. -> 112.188.85.6 -> 175.211.191.173
121.163.74.1,만료되었습니다. -> 만료되었습니다. -> 100.81.225.217 -> 10.67.254.160 -> 10.222.35.208 -> 10.222.10.185 -> 59.18.60.233 -> 만료되었습니다. -> 112.174.56.134 -> 만료되었습니다. -> 112.188.87.94 -> 121.163.74.1
182.228.9.111,만료되었습니다. -> 58.226.48.65 -> 100.81.225.217 -> 10.67.254.164 -> 10.222.9.10 -> 10.222.11.201 -> 211.44.125.211 -> 만료되었습니다. -> 만료되었습니다. -> 만료되었습니다. -> 만료되었습니다. -> 만료되었습니다.
117.111.6.235,192.168.0.1 -> 만료되었습니다. -> 100.81.225.213 -> 10.67.254.158 -> 10.222.9.2 -> 10.222.10.133 -> 124.111.70.33 -> 1.208.176.66 -> 만료되었습니다. -> 만료되었습니다. -> 만료되었습니다. -> 만료되었습니다.
61.39.35.115,만료되었습니다. -> 58.226.48.65 -> 100.81.225.213 -> 10.67.254.158 -> 10.222.9.14 -> 10.222.11.215 -> 211.44.125.211 -> 만료되었습니다. -> 만료되었습니다. -> 만료되었습니다. -> 203.248.129.134 -> 만료되었습니다.
14.38.183.165,만료되었습니다. -> 만료되었습니다. -> 100.81.225.217 -> 10.67.254.164 -> 10.222.9.14 -> 10.222.32.125 -> 218.145.32.17 -> 만료되었습니다. -> 112.174.58.82 -> 만료되었습니다. -> 112.188.87.42 -> 14.38.183.165
112.161.0.149,192.168.0.1 -> 만료되었습니다. -> 100.81.225.213 -> 10.67.254.156 -> 10.222.9.10 -> 10.222.32.111 -> 218.145.32.17 -> 만료되었습니다. -> 112.174.56.46 -> 만료되었습니다. -> 만료되었습니다. -> 112.161.0.149
119.70.66.175,만료되었습니다. -> 58.226.48.65 -> 100.81.225.213 -> 10.67.254.152 -> 10.222.9.8 -> 10.222.32.147 -> 211.44.125.203 -> 만료되었습니다. -> 만료되었습니다. -> 만료되었습니다. -> 1.208.112.42 -> 1.208.144.102
106.101.207.45,만료되었습니다. -> 58.226.48.65 -> 100.81.225.217 -> 10.67.254.162 -> 10.222.9.4 -> 10.222.10.147 -> 124.111.70.35 -> 123.140.6.22 -> 만료되었습니다. -> 만료되었습니다. -> 만료되었습니다. -> 만료되었습니다.
211.246.69.227,만료되었습니다. -> 만료되었습니다. -> 100.81.225.217 -> 10.67.254.166 -> 10.222.18.162 -> 10.222.11.159 -> 124.111.70.43 -> 110.69.18.9 -> 110.69.16.18 -> 만료되었습니다. -> 만료되었습니다. -> 만료되었습니다.
58.29.179.219,만료되었습니다. -> 58.226.48.65 -> 100.81.225.213 -> 10.67.254.152 -> 10.222.22.234 -> 10.222.32.53 -> 210.120.1.105 -> 만료되었습니다. -> 만료되었습니다. -> 만료되었습니다. -> 203.248.129.134 -> 만료되었습니다.
121.163.86.77,만료되었습니다. -> 58.226.48.65 -> 100.81.225.217 -> 10.67.254.166 -> 10.222.9.6 -> 10.222.32.57 -> 211.44.125.47 -> 만료되었습니다. -> 112.174.56.134 -> 만료되었습니다. -> 112.188.81.14 -> 121.163.86.77
121.161.21.129,만료되었습니다. -> 58.226.48.65 -> 100.81.225.217 -> 10.67.254.162 -> 10.222.9.4 -> 10.222.32.59 -> 218.145.32.25 -> 만료되었습니다. -> 112.174.56.34 -> 만료되었습니다. -> 112.188.81.90 -> 121.161.21.129
125.177.211.95,192.168.0.1 -> 만료되었습니다. -> 100.81.225.213 -> 10.67.254.152 -> 10.222.9.12 -> 10.222.32.155 -> 211.44.125.203 -> 만료되었습니다. -> 만료되었습니다. -> 만료되었습니다. -> 만료되었습니다. -> 1.208.167.126
106.244.45.45,만료되었습니다. -> 만료되었습니다. -> 100.81.225.213 -> 10.67.254.156 -> 10.222.18.162 -> 10.222.32.125 -> 211.44.125.201 -> 만료되었습니다. -> 만료되었습니다. -> 만료되었습니다. -> 1.208.105.58 -> 1.208.167.126
118.235.14.211,만료되었습니다. -> 58.226.48.65 -> 100.81.225.217 -> 10.67.254.164 -> 10.222.18.160 -> 10.222.11.155 -> 124.111.70.43 -> 110.69.19.9 -> 110.69.17.10 -> 만료되었습니다. -> 만료되었습니다. -> 만료되었습니다.
106.101.74.41,만료되었습니다. -> 58.226.48.65 -> 100.81.225.217 -> 10.67.254.164 -> 10.222.9.10 -> 10.222.11.155 -> 124.111.70.39 -> 1.213.104.26 -> 만료되었습니다. -> 만료되었습니다. -> 만료되었습니다. -> 만료되었습니다.
106.101.132.107,만료되었습니다. -> 만료되었습니다. -> 100.81.225.213 -> 10.67.254.158 -> 10.222.9.2 -> 10.222.10.135 -> 124.111.70.33 -> 115.92.243.194 -> 만료되었습니다. -> 만료되었습니다. -> 만료되었습니다. -> 만료되었습니다.
168.126.209.63,만료되었습니다. -> 만료되었습니다. -> 100.81.225.213 -> 10.67.254.154 -> 10.222.18.152 -> 10.222.11.207 -> 211.44.125.219 -> 만료되었습니다. -> 112.174.58.86 -> 만료되었습니다. -> 만료되었습니다. -> 만료되었습니다.
61.43.123.51,만료되었습니다. -> 만료되었습니다. -> 100.81.225.217 -> 10.67.254.166 -> 10.222.35.212 -> 10.222.11.205 -> 115.89.240.121 -> 만료되었습니다. -> 만료되었습니다. -> 만료되었습니다. -> 1.208.178.118 -> 만료되었습니다.
58.29.179.79,만료되었습니다. -> 만료되었습니다. -> 100.81.225.217 -> 10.67.254.162 -> 10.222.9.8 -> 10.222.32.115 -> 210.120.1.109 -> 만료되었습니다. -> 만료되었습니다. -> 만료되었습니다. -> 1.208.105.230 -> 만료되었습니다.
58.29.179.63,만료되었습니다. -> 58.226.48.65 -> 100.81.225.213 -> 10.67.254.158 -> 10.222.9.14 -> 10.222.11.197 -> 210.120.1.141 -> 만료되었습니다. -> 만료되었습니다. -> 만료되었습니다. -> 1.208.179.126 -> 만료되었습니다.
125.186.194.21,만료되었습니다. -> 58.226.48.65 -> 100.81.225.217 -> 10.67.254.166 -> 10.222.22.240 -> 10.222.32.157 -> 115.90.14.129 -> 만료되었습니다. -> 만료되었습니다. -> 만료되었습니다. -> 1.208.145.178 -> 1.208.144.250
119.193.18.199,만료되었습니다. -> 만료되었습니다. -> 100.81.225.217 -> 10.67.254.160 -> 10.222.9.12 -> 10.222.11.211 -> 211.44.125.219 -> 만료되었습니다. -> 112.174.58.86 -> 만료되었습니다. -> 59.7.10.26 -> 1.236.2.193
211.234.196.235,만료되었습니다. -> 만료되었습니다. -> 100.81.225.213 -> 10.67.254.158 -> 10.222.9.10 -> 10.222.15.211 -> 만료되었습니다. -> 만료되었습니다. -> 만료되었습니다. -> 만료되었습니다. -> 만료되었습니다. -> 만료되었습니다.
120.142.223.185,만료되었습니다. -> 만료되었습니다. -> 100.81.225.213 -> 10.67.254.152 -> 10.222.9.8 -> 10.222.11.155 -> 39.120.4.159 -> 만료되었습니다. -> 만료되었습니다. -> 만료되었습니다. -> 만료되었습니다. -> 만료되었습니다.
61.39.229.45,만료되었습니다. -> 만료되었습니다. -> 100.81.225.213 -> 10.67.254.154 -> 10.222.18.148 -> 10.222.10.173 -> 211.44.125.205 -> 만료되었습니다. -> 만료되었습니다. -> 만료되었습니다. -> 만료되었습니다. -> 만료되었습니다.
118.235.25.5,만료되었습니다. -> 만료되었습니다. -> 100.81.225.217 -> 10.67.254.164 -> 10.222.9.6 -> 10.222.10.137 -> 124.111.70.45 -> 110.69.19.21 -> 110.69.17.34 -> 만료되었습니다. -> 만료되었습니다. -> 만료되었습니다.
118.235.73.209,만료되었습니다. -> 만료되었습니다. -> 100.81.225.217 -> 10.67.254.164 -> 10.222.18.160 -> 10.222.11.155 -> 124.111.70.43 -> 110.69.34.13 -> 110.69.32.14 -> 만료되었습니다. -> 만료되었습니다. -> 만료되었습니다.
118.235.15.161,만료되었습니다. -> 58.226.48.65 -> 100.81.225.217 -> 10.67.254.166 -> 10.222.18.158 -> 10.222.10.139 -> 124.111.70.45 -> 110.69.19.21 -> 110.69.17.66 -> 만료되었습니다. -> 만료되었습니다. -> 만료되었습니다.
118.235.15.165,만료되었습니다. -> 만료되었습니다. -> 100.81.225.217 -> 10.67.254.166 -> 10.222.22.236 -> 10.222.10.135 -> 124.111.70.45 -> 110.69.35.17 -> 110.69.33.70 -> 만료되었습니다. -> 만료되었습니다. -> 만료되었습니다.
119.193.18.127,만료되었습니다. -> 만료되었습니다. -> 100.81.225.213 -> 10.67.254.156 -> 10.222.35.212 -> 10.222.32.117 -> 218.145.32.33 -> 만료되었습니다. -> 112.174.56.130 -> 만료되었습니다. -> 59.7.10.26 -> 만료되었습니다.
112.153.218.159,만료되었습니다. -> 만료되었습니다. -> 100.81.225.217 -> 10.67.254.166 -> 10.222.9.2 -> 10.222.32.53 -> 211.44.125.197 -> 만료되었습니다. -> 만료되었습니다. -> 만료되었습니다. -> 1.208.178.118 -> 만료되었습니다.
112.146.95.11,만료되었습니다. -> 만료되었습니다. -> 100.81.225.213 -> 10.67.254.158 -> 10.222.9.10 -> 10.222.32.147 -> 115.90.14.129 -> 만료되었습니다. -> 만료되었습니다. -> 만료되었습니다. -> 1.213.112.138 -> 1.208.144.250
14.7.33.83,만료되었습니다. -> 만료되었습니다. -> 100.81.225.217 -> 10.67.254.162 -> 10.222.35.208 -> 10.222.10.185 -> 211.44.125.205 -> 만료되었습니다. -> 만료되었습니다. -> 만료되었습니다. -> 1.208.112.2 -> 1.208.144.250
211.234.206.27,만료되었습니다. -> 만료되었습니다. -> 100.81.225.213 -> 10.67.254.158 -> 10.222.22.236 -> 10.222.15.203 -> 만료되었습니다. -> 만료되었습니다. -> 만료되었습니다. -> 만료되었습니다. -> 만료되었습니다. -> 만료되었습니다.
211.235.70.241,만료되었습니다. -> 만료되었습니다. -> 100.81.225.217 -> 10.67.254.162 -> 10.222.18.152 -> 10.222.16.77 -> 만료되었습니다. -> 만료되었습니다. -> 만료되었습니다. -> 만료되었습니다. -> 만료되었습니다. -> 만료되었습니다.
211.234.234.207,만료되었습니다. -> 만료되었습니다. -> 100.81.225.213 -> 10.67.254.156 -> 10.222.9.6 -> 10.222.10.121 -> 만료되었습니다. -> 만료되었습니다. -> 만료되었습니다. -> 만료되었습니다. -> 만료되었습니다. -> 만료되었습니다.
211.234.204.135,만료되었습니다. -> 만료되었습니다. -> 100.81.225.213 -> 10.67.254.156 -> 10.222.9.14 -> 10.222.16.75 -> 만료되었습니다. -> 만료되었습니다. -> 만료되었습니다. -> 만료되었습니다. -> 만료되었습니다. -> 만료되었습니다.
220.77.230.105,192.168.0.1 -> 58.226.48.65 -> 100.81.225.217 -> 10.67.254.160 -> 10.222.22.234 -> 10.222.10.189 -> 211.44.125.217 -> 만료되었습니다. -> 112.174.57.222 -> 만료되었습니다. -> 112.188.87.10 -> 만료되었습니다.
223.39.92.27,만료되었습니다. -> 만료되었습니다. -> 100.81.225.217 -> 10.67.254.160 -> 10.222.9.4 -> 10.222.10.129 -> 만료되었습니다. -> 만료되었습니다. -> 만료되었습니다. -> 만료되었습니다. -> 만료되었습니다. -> 만료되었습니다.
1.224.139.133,만료되었습니다. -> 58.226.48.65 -> 100.81.225.217 -> 10.67.254.162 -> 10.222.9.8 -> 10.222.24.249 -> 10.65.253.19 -> 100.74.43.158 -> 1.224.139.133
211.234.183.199,192.168.0.1 -> 58.226.48.65 -> 100.81.225.213 -> 10.67.254.158 -> 10.222.35.212 -> 10.222.11.131 -> 만료되었습니다. -> 만료되었습니다. -> 만료되었습니다. -> 만료되었습니다. -> 만료되었습니다. -> 만료되었습니다.
1.236.204.67,192.168.0.1 -> 만료되었습니다. -> 100.81.225.217 -> 10.67.254.164 -> 10.222.18.158 -> 10.222.24.247 -> 10.65.253.91 -> 100.74.167.146 -> 1.236.204.67
221.140.35.139,만료되었습니다. -> 58.226.48.65 -> 100.81.225.213 -> 10.67.254.154 -> 10.222.22.234 -> 10.222.24.243 -> 10.65.251.59 -> 100.74.54.190 -> 100.74.80.242 -> 221.140.35.139
180.66.98.7,만료되었습니다. -> 58.226.48.65 -> 100.81.225.217 -> 10.67.254.160 -> 10.222.22.234 -> 10.222.24.243 -> 10.65.253.143 -> 100.74.139.90 -> 100.74.61.230 -> 180.66.98.7
14.38.162.181,만료되었습니다. -> 58.226.48.65 -> 100.81.225.213 -> 10.67.254.152 -> 10.222.9.8 -> 10.222.11.187 -> 211.44.125.215 -> 만료되었습니다. -> 112.174.56.46 -> 만료되었습니다. -> 112.188.93.66 -> 14.38.162.181
121.161.43.169,192.168.0.1 -> 58.226.48.65 -> 100.81.225.213 -> 10.67.254.152 -> 10.222.9.8 -> 10.222.11.201 -> 211.44.125.219 -> 만료되었습니다. -> 112.174.58.86 -> 만료되었습니다. -> 112.188.93.154 -> 121.161.43.169
110.14.63.123,만료되었습니다. -> 58.226.48.65 -> 100.81.225.213 -> 10.67.254.152 -> 10.222.22.238 -> 10.222.24.249 -> 10.65.251.43 -> 100.74.93.154 -> 100.74.99.122 -> 110.14.63.123
58.29.176.67,192.168.0.1 -> 58.226.48.65 -> 100.81.225.217 -> 10.67.254.164 -> 10.222.22.236 -> 10.222.32.79 -> 211.44.125.199 -> 만료되었습니다. -> 만료되었습니다. -> 만료되었습니다. -> 1.208.178.118 -> 만료되었습니다.
58.226.48.101,58.226.48.101
125.142.67.245,192.168.0.1 -> 58.226.48.65 -> 100.81.225.213 -> 10.67.254.158 -> 10.222.18.162 -> 10.222.32.125 -> 59.18.60.225 -> 만료되었습니다. -> 112.174.58.90 -> 만료되었습니다. -> 만료되었습니다. -> 125.142.67.245
106.101.68.187,만료되었습니다. -> 58.226.48.65 -> 100.81.225.213 -> 10.67.254.154 -> 10.222.9.8 -> 10.222.11.147 -> 124.111.70.37 -> 123.141.246.50 -> 만료되었습니다. -> 만료되었습니다. -> 만료되었습니다. -> 만료되었습니다.
123.111.131.245,만료되었습니다. -> 58.226.48.65 -> 100.81.225.213 -> 10.67.254.156 -> 10.222.9.6 -> 10.222.24.245 -> 10.65.253.81 -> 100.74.96.18 -> 100.74.103.178 -> 만료되었습니다. -> 만료되었습니다. -> 만료되었습니다.
119.193.18.125,만료되었습니다. -> 58.226.48.65 -> 100.81.225.213 -> 10.67.254.152 -> 10.222.35.208 -> 10.222.32.89 -> 59.18.60.241 -> 만료되었습니다. -> 112.174.56.142 -> 만료되었습니다. -> 59.7.10.26 -> 만료되었습니다.
125.181.163.211,만료되었습니다. -> 58.226.48.65 -> 100.81.225.217 -> 10.67.254.164 -> 10.222.18.158 -> 10.222.32.91 -> 115.89.240.245 -> 만료되었습니다. -> 만료되었습니다. -> 만료되었습니다. -> 1.208.112.2 -> 1.213.106.106
221.140.19.225,192.168.0.1 -> 58.226.48.65 -> 100.81.225.213 -> 10.67.254.152 -> 10.222.18.150 -> 10.222.24.67 -> 10.65.253.143 -> 100.74.128.42 -> 221.140.19.225
119.193.18.27,만료되었습니다. -> 58.226.48.65 -> 100.81.225.213 -> 10.67.254.154 -> 10.222.35.208 -> 10.222.10.201 -> 211.44.125.49 -> 만료되었습니다. -> 112.174.57.218 -> 만료되었습니다. -> 59.7.10.26 -> 만료되었습니다.
221.151.219.177,만료되었습니다. -> 58.226.48.65 -> 100.81.225.217 -> 10.67.254.166 -> 10.222.22.240 -> 10.222.11.211 -> 211.44.125.225 -> 만료되었습니다. -> 112.174.56.42 -> 만료되었습니다. -> 만료되었습니다. -> 221.151.219.177
106.101.0.151,만료되었습니다. -> 만료되었습니다. -> 100.81.225.217 -> 10.67.254.162 -> 10.222.18.150 -> 10.222.10.137 -> 124.111.70.33 -> 123.142.0.126 -> 만료되었습니다. -> 만료되었습니다. -> 만료되었습니다. -> 만료되었습니다.
118.235.14.83,192.168.0.1 -> 58.226.48.65 -> 100.81.225.217 -> 10.67.254.160 -> 10.222.22.238 -> 10.222.11.147 -> 124.111.70.41 -> 110.69.19.33 -> 110.69.17.70 -> 만료되었습니다. -> 만료되었습니다. -> 만료되었습니다.
122.38.30.207,만료되었습니다. -> 58.226.48.65 -> 100.81.225.213 -> 10.67.254.156 -> 10.222.22.240 -> 10.222.32.121 -> 211.44.125.201 -> 만료되었습니다. -> 만료되었습니다. -> 만료되었습니다. -> 1.208.112.6 -> 1.208.144.102
211.246.69.253,만료되었습니다. -> 만료되었습니다. -> 100.81.225.217 -> 10.67.254.160 -> 10.222.22.238 -> 10.222.11.145 -> 124.111.70.41 -> 110.69.34.5 -> 110.69.32.70 -> 만료되었습니다. -> 만료되었습니다. -> 만료되었습니다.
118.235.65.167,만료되었습니다. -> 만료되었습니다. -> 100.81.225.217 -> 10.67.254.166 -> 10.222.22.236 -> 10.222.10.133 -> 124.111.70.45 -> 110.69.35.17 -> 110.69.33.14 -> 만료되었습니다. -> 만료되었습니다. -> 만료되었습니다.
49.164.56.7,만료되었습니다. -> 58.226.48.65 -> 100.81.225.213 -> 10.67.254.156 -> 10.222.18.156 -> 10.222.10.175 -> 211.44.125.205 -> 만료되었습니다. -> 만료되었습니다. -> 만료되었습니다. -> 만료되었습니다. -> 1.208.167.30
222.120.187.201,만료되었습니다. -> 58.226.48.65 -> 100.81.225.213 -> 10.67.254.158 -> 10.222.9.10 -> 10.222.11.201 -> 211.44.125.219 -> 만료되었습니다. -> 112.174.56.138 -> 만료되었습니다. -> 만료되었습니다. -> 222.120.187.201
203.152.168.81,192.168.0.1 -> 만료되었습니다. -> 100.81.225.217 -> 10.67.254.166 -> 10.222.22.236 -> 10.222.10.191 -> 211.44.125.217 -> 만료되었습니다. -> 112.174.10.30 -> 128.134.40.210 -> 203.246.162.165 -> 203.246.170.22
175.114.193.91,만료되었습니다. -> 만료되었습니다. -> 100.81.225.217 -> 10.67.254.160 -> 10.222.9.8 -> 10.222.24.251 -> 10.65.253.131 -> 100.74.128.6 -> 175.114.193.91
175.116.239.31,만료되었습니다. -> 만료되었습니다. -> 100.81.225.217 -> 10.67.254.164 -> 10.222.18.160 -> 10.222.24.69 -> 10.65.251.3 -> 100.74.57.154 -> 175.116.239.31
106.101.204.241,만료되었습니다. -> 58.226.48.65 -> 100.81.225.217 -> 10.67.254.160 -> 10.222.35.214 -> 10.222.11.151 -> 124.111.70.37 -> 1.208.178.166 -> 만료되었습니다. -> 만료되었습니다. -> 만료되었습니다. -> 만료되었습니다.
211.227.35.195,만료되었습니다. -> 58.226.48.65 -> 100.81.225.213 -> 10.67.254.156 -> 10.222.22.240 -> 10.222.32.125 -> 218.145.32.17 -> 만료되었습니다. -> 112.174.56.134 -> 만료되었습니다. -> 만료되었습니다. -> 211.227.35.195
175.213.33.9,만료되었습니다. -> 58.226.48.65 -> 100.81.225.217 -> 10.67.254.166 -> 10.222.9.2 -> 10.222.10.193 -> 211.44.125.217 -> 만료되었습니다. -> 112.174.56.34 -> 만료되었습니다. -> 만료되었습니다. -> 175.213.33.9
114.205.184.25,만료되었습니다. -> 58.226.48.65 -> 100.81.225.217 -> 10.67.254.160 -> 10.222.18.152 -> 10.222.19.148 -> 10.222.18.131 -> 10.44.248.117 -> 100.72.213.118 -> 100.72.213.230 -> 114.205.184.25
211.201.3.25,192.168.0.1 -> 58.226.48.65 -> 100.81.225.213 -> 10.67.254.152 -> 10.222.9.12 -> 10.222.24.253 -> 10.65.253.179 -> 100.74.187.182 -> 211.201.3.25
175.211.163.201,192.168.0.1 -> 58.226.48.65 -> 100.81.225.213 -> 10.67.254.152 -> 10.222.9.8 -> 10.222.32.143 -> 59.18.60.229 -> 만료되었습니다. -> 112.174.56.46 -> 만료되었습니다. -> 만료되었습니다. -> 175.211.163.201
223.38.182.143,만료되었습니다. -> 58.226.48.65 -> 100.81.225.217 -> 10.67.254.166 -> 10.222.22.236 -> 10.222.15.203 -> 만료되었습니다. -> 만료되었습니다. -> 만료되었습니다. -> 만료되었습니다. -> 만료되었습니다. -> 만료되었습니다.
183.97.197.133,만료되었습니다. -> 58.226.48.65 -> 100.81.225.213 -> 10.67.254.156 -> 10.222.22.236 -> 10.222.32.81 -> 59.18.60.241 -> 만료되었습니다. -> 112.174.56.138 -> 만료되었습니다. -> 만료되었습니다. -> 183.97.197.133
223.38.183.183,만료되었습니다. -> 58.226.48.65 -> 100.81.225.217 -> 10.67.254.160 -> 10.222.35.214 -> 10.222.11.133 -> 만료되었습니다. -> 만료되었습니다. -> 만료되었습니다. -> 만료되었습니다. -> 만료되었습니다. -> 만료되었습니다.
117.111.5.41,만료되었습니다. -> 58.226.48.65 -> 100.81.225.213 -> 10.67.254.156 -> 10.222.9.14 -> 10.222.11.151 -> 124.111.70.37 -> 106.241.66.194 -> 만료되었습니다. -> 만료되었습니다. -> 만료되었습니다. -> 만료되었습니다.
118.235.2.73,만료되었습니다. -> 58.226.48.65 -> 100.81.225.217 -> 10.67.254.160 -> 10.222.9.0 -> 10.222.10.141 -> 124.111.70.47 -> 110.69.18.25 -> 110.69.16.66 -> 만료되었습니다. -> 만료되었습니다. -> 만료되었습니다.
211.60.138.9,만료되었습니다. -> 58.226.48.65 -> 100.81.225.217 -> 10.67.254.160 -> 10.222.18.154 -> 10.222.32.125 -> 211.44.125.201 -> 만료되었습니다. -> 만료되었습니다. -> 만료되었습니다. -> 1.208.145.238 -> 만료되었습니다.
220.88.193.241,만료되었습니다. -> 만료되었습니다. -> 100.81.225.213 -> 10.67.254.154 -> 10.222.18.154 -> 10.222.11.199 -> 211.44.125.215 -> 만료되었습니다. -> 112.174.63.166 -> 만료되었습니다. -> 112.188.87.14 -> 220.88.193.241
125.177.50.81,만료되었습니다. -> 58.226.48.65 -> 100.81.225.217 -> 10.67.254.164 -> 10.222.18.160 -> 10.222.11.205 -> 115.89.240.121 -> 만료되었습니다. -> 만료되었습니다. -> 만료되었습니다. -> 1.208.112.6 -> 1.213.106.194
112.152.71.9,만료되었습니다. -> 58.226.48.65 -> 100.81.225.213 -> 10.67.254.156 -> 10.222.9.14 -> 10.222.32.155 -> 115.90.14.129 -> 만료되었습니다. -> 만료되었습니다. -> 만료되었습니다. -> 만료되었습니다. -> 만료되었습니다.
210.217.54.209,만료되었습니다. -> 만료되었습니다. -> 100.81.225.213 -> 10.67.254.156 -> 10.222.18.160 -> 10.222.11.185 -> 211.44.125.215 -> 만료되었습니다. -> 112.174.56.46 -> 만료되었습니다. -> 112.188.89.58 -> 만료되었습니다.
61.43.122.77,만료되었습니다. -> 58.226.48.65 -> 100.81.225.213 -> 10.67.254.158 -> 10.222.18.160 -> 10.222.32.143 -> 115.90.14.129 -> 만료되었습니다. -> 만료되었습니다. -> 만료되었습니다. -> 203.248.129.134 -> 만료되었습니다.
211.198.41.161,만료되었습니다. -> 58.226.48.65 -> 100.81.225.213 -> 10.67.254.158 -> 10.222.35.210 -> 10.222.32.87 -> 218.145.32.29 -> 만료되었습니다. -> 112.174.57.218 -> 만료되었습니다. -> 만료되었습니다. -> 211.198.41.161
221.155.149.27,만료되었습니다. -> 만료되었습니다. -> 100.81.225.213 -> 10.67.254.154 -> 10.222.9.8 -> 10.222.11.203 -> 211.44.125.219 -> 만료되었습니다. -> 112.174.56.142 -> 만료되었습니다. -> 만료되었습니다. -> 221.155.149.27
49.164.149.149,만료되었습니다. -> 만료되었습니다. -> 100.81.225.217 -> 10.67.254.162 -> 10.222.18.150 -> 10.222.32.87 -> 115.89.240.245 -> 만료되었습니다. -> 만료되었습니다. -> 만료되었습니다. -> 1.208.112.66 -> 1.213.152.118
223.38.180.231,192.168.0.1 -> 만료되었습니다. -> 100.81.225.213 -> 10.67.254.152 -> 10.222.9.8 -> 10.222.15.211 -> 만료되었습니다. -> 만료되었습니다. -> 만료되었습니다. -> 만료되었습니다. -> 만료되었습니다. -> 만료되었습니다.
211.250.116.13,만료되었습니다. -> 58.226.48.65 -> 100.81.225.217 -> 10.67.254.164 -> 10.222.9.14 -> 10.222.32.151 -> 218.145.32.21 -> 만료되었습니다. -> 112.174.58.94 -> 만료되었습니다. -> 만료되었습니다. -> 만료되었습니다.
183.97.210.223,만료되었습니다. -> 만료되었습니다. -> 100.81.225.217 -> 10.67.254.160 -> 10.222.18.152 -> 10.222.32.117 -> 218.145.32.33 -> 만료되었습니다. -> 112.174.58.86 -> 만료되었습니다. -> 만료되었습니다. -> 183.97.210.223
222.101.97.185,만료되었습니다. -> 만료되었습니다. -> 100.81.225.213 -> 10.67.254.156 -> 10.222.9.10 -> 10.222.11.207 -> 211.44.125.225 -> 만료되었습니다. -> 112.174.58.86 -> 만료되었습니다. -> 만료되었습니다. -> 222.101.97.185
192.178.15.73,192.168.0.1 -> 만료되었습니다. -> 100.81.225.213 -> 10.67.254.156 -> 10.222.9.10 -> 10.222.11.97 -> 142.250.163.66 -> 108.170.238.53 -> 142.250.57.112 -> 172.253.75.155 -> 142.251.244.166 -> 192.178.74.84
211.234.183.173,만료되었습니다. -> 58.226.48.65 -> 100.81.225.217 -> 10.67.254.162 -> 10.222.9.4 -> 10.222.16.67 -> 만료되었습니다. -> 만료되었습니다. -> 만료되었습니다. -> 만료되었습니다. -> 만료되었습니다. -> 만료되었습니다.
223.38.94.153,만료되었습니다. -> 만료되었습니다. -> 100.81.225.213 -> 10.67.254.154 -> 10.222.18.154 -> 10.222.16.75 -> 만료되었습니다. -> 만료되었습니다. -> 만료되었습니다. -> 만료되었습니다. -> 만료되었습니다. -> 만료되었습니다.
118.235.3.185,만료되었습니다. -> 만료되었습니다. -> 100.81.225.217 -> 10.67.254.166 -> 10.222.18.156 -> 10.222.10.143 -> 124.111.70.47 -> 110.69.18.29 -> 110.69.16.6 -> 만료되었습니다. -> 만료되었습니다. -> 만료되었습니다.
39.7.231.5,만료되었습니다. -> 58.226.48.65 -> 100.81.225.213 -> 10.67.254.154 -> 10.222.18.152 -> 10.222.11.153 -> 124.111.70.43 -> 110.69.34.9 -> 110.69.32.10 -> 만료되었습니다. -> 만료되었습니다. -> 만료되었습니다.
123.141.11.161,만료되었습니다. -> 만료되었습니다. -> 100.81.225.213 -> 10.67.254.154 -> 10.222.18.154 -> 10.222.11.209 -> 211.44.125.211 -> 만료되었습니다. -> 만료되었습니다. -> 만료되었습니다. -> 1.208.112.2 -> 1.208.144.250
211.235.96.201,만료되었습니다. -> 만료되었습니다. -> 100.81.225.213 -> 10.67.254.154 -> 10.222.22.234 -> 10.222.15.207 -> 만료되었습니다. -> 만료되었습니다. -> 만료되었습니다. -> 만료되었습니다. -> 만료되었습니다. -> 만료되었습니다.
211.36.147.153,만료되었습니다. -> 만료되었습니다. -> 100.81.225.213 -> 10.67.254.158 -> 10.222.22.240 -> 10.222.11.149 -> 124.111.70.37 -> 121.67.153.106 -> 만료되었습니다. -> 만료되었습니다. -> 만료되었습니다. -> 만료되었습니다.
106.101.133.221,만료되었습니다. -> 만료되었습니다. -> 100.81.225.217 -> 10.67.254.160 -> 10.222.9.4 -> 10.222.10.139 -> 124.111.70.33 -> 1.208.104.86 -> 만료되었습니다. -> 만료되었습니다. -> 만료되었습니다. -> 만료되었습니다.
125.142.66.181,192.168.0.1 -> 58.226.48.65 -> 100.81.225.213 -> 10.67.254.158 -> 10.222.18.162 -> 10.222.32.121 -> 218.145.32.17 -> 만료되었습니다. -> 112.174.63.170 -> 만료되었습니다. -> 112.188.93.134 -> 125.142.66.181
211.235.99.175,만료되었습니다. -> 58.226.48.65 -> 100.81.225.217 -> 10.67.254.164 -> 10.222.35.210 -> 10.222.10.129 -> 만료되었습니다. -> 만료되었습니다. -> 만료되었습니다. -> 만료되었습니다. -> 만료되었습니다. -> 만료되었습니다.
211.234.197.43,만료되었습니다. -> 58.226.48.65 -> 100.81.225.213 -> 10.67.254.158 -> 10.222.9.14 -> 10.222.11.133 -> 만료되었습니다. -> 만료되었습니다. -> 만료되었습니다. -> 만료되었습니다. -> 만료되었습니다. -> 만료되었습니다.
211.36.155.89,만료되었습니다. -> 만료되었습니다. -> 100.81.225.213 -> 10.67.254.158 -> 10.222.18.162 -> 10.222.11.149 -> 124.111.70.37 -> 203.233.0.70 -> 만료되었습니다. -> 만료되었습니다. -> 만료되었습니다. -> 만료되었습니다.
106.101.11.83,만료되었습니다. -> 58.226.48.65 -> 100.81.225.213 -> 10.67.254.156 -> 10.222.35.212 -> 10.222.11.153 -> 124.111.70.39 -> 123.140.15.130 -> 만료되었습니다. -> 만료되었습니다. -> 만료되었습니다. -> 만료되었습니다.
182.212.45.135,만료되었습니다. -> 58.226.48.65 -> 100.81.225.217 -> 10.67.254.162 -> 10.222.18.154 -> 10.222.11.213 -> 211.44.125.211 -> 만료되었습니다. -> 만료되었습니다. -> 211.63.36.149 -> 1.208.112.46 -> 1.208.144.250
121.128.1.33,만료되었습니다. -> 만료되었습니다. -> 100.81.225.217 -> 10.67.254.162 -> 10.222.22.234 -> 10.222.32.53 -> 218.145.32.25 -> 만료되었습니다. -> 만료되었습니다. -> 만료되었습니다. -> 만료되었습니다. -> 만료되었습니다.
106.101.5.197,만료되었습니다. -> 58.226.48.65 -> 100.81.225.217 -> 10.67.254.160 -> 10.222.9.4 -> 10.222.10.147 -> 124.111.70.35 -> 1.208.104.14 -> 만료되었습니다. -> 만료되었습니다. -> 만료되었습니다. -> 만료되었습니다.
58.29.188.155,만료되었습니다. -> 만료되었습니다. -> 100.81.225.213 -> 10.67.254.152 -> 10.222.9.8 -> 10.222.32.115 -> 210.120.1.109 -> 만료되었습니다. -> 만료되었습니다. -> 만료되었습니다. -> 203.248.129.134 -> 만료되었습니다.
1.214.171.51,만료되었습니다. -> 만료되었습니다. -> 100.81.225.217 -> 10.67.254.166 -> 10.222.22.236 -> 10.222.10.189 -> 211.32.41.249 -> 만료되었습니다. -> 만료되었습니다. -> 만료되었습니다. -> 만료되었습니다. -> 1.213.106.194
121.161.72.187,만료되었습니다. -> 58.226.48.65 -> 100.81.225.217 -> 10.67.254.164 -> 10.222.9.2 -> 10.222.10.189 -> 211.44.125.49 -> 만료되었습니다. -> 112.174.57.218 -> 만료되었습니다. -> 만료되었습니다. -> 121.161.72.187
47.128.39.191,만료되었습니다. -> 만료되었습니다. -> 100.81.225.213 -> 10.67.254.154 -> 10.222.9.0 -> 10.222.15.207 -> 만료되었습니다. -> 만료되었습니다. -> 만료되었습니다. -> 만료되었습니다. -> 만료되었습니다. -> 만료되었습니다.
211.234.234.173,만료되었습니다. -> 만료되었습니다. -> 100.81.225.213 -> 10.67.254.152 -> 10.222.18.152 -> 10.222.16.73 -> 만료되었습니다. -> 만료되었습니다. -> 만료되었습니다. -> 만료되었습니다. -> 만료되었습니다. -> 만료되었습니다.
106.101.10.167,만료되었습니다. -> 58.226.48.65 -> 100.81.225.213 -> 10.67.254.152 -> 10.222.22.238 -> 10.222.11.153 -> 124.111.70.39 -> 1.213.104.26 -> 만료되었습니다. -> 만료되었습니다. -> 만료되었습니다. -> 만료되었습니다.
106.101.1.87,만료되었습니다. -> 58.226.48.65 -> 100.81.225.217 -> 10.67.254.164 -> 10.222.18.158 -> 10.222.10.145 -> 124.111.70.35 -> 123.141.246.54 -> 만료되었습니다. -> 만료되었습니다. -> 만료되었습니다. -> 만료되었습니다.
211.234.234.5,만료되었습니다. -> 58.226.48.65 -> 100.81.225.213 -> 10.67.254.158 -> 10.222.9.6 -> 10.222.10.123 -> 만료되었습니다. -> 만료되었습니다. -> 만료되었습니다. -> 만료되었습니다. -> 만료되었습니다. -> 만료되었습니다.
175.213.99.173,만료되었습니다. -> 58.226.48.65 -> 100.81.225.213 -> 10.67.254.156 -> 10.222.18.158 -> 10.222.32.57 -> 59.18.60.237 -> 만료되었습니다. -> 112.174.56.138 -> 만료되었습니다. -> 112.188.81.46 -> 175.213.99.173
211.235.102.193,만료되었습니다. -> 58.226.48.65 -> 100.81.225.213 -> 10.67.254.154 -> 10.222.18.154 -> 10.222.11.141 -> 만료되었습니다. -> 만료되었습니다. -> 만료되었습니다. -> 만료되었습니다. -> 만료되었습니다. -> 만료되었습니다.
106.101.133.165,192.168.0.1 -> 58.226.48.65 -> 100.81.225.217 -> 10.67.254.160 -> 10.222.9.0 -> 10.222.10.143 -> 124.111.70.35 -> 123.140.10.34 -> 만료되었습니다. -> 만료되었습니다. -> 만료되었습니다. -> 만료되었습니다.
1.225.117.81,만료되었습니다. -> 58.226.48.65 -> 100.81.225.217 -> 10.67.254.160 -> 10.222.9.12 -> 10.222.24.71 -> 10.65.251.27 -> 100.74.67.154 -> 100.74.102.126 -> 1.225.117.81
211.234.183.23,만료되었습니다. -> 58.226.48.65 -> 100.81.225.213 -> 10.67.254.158 -> 10.222.35.212 -> 10.222.16.73 -> 만료되었습니다. -> 만료되었습니다. -> 만료되었습니다. -> 만료되었습니다. -> 만료되었습니다. -> 만료되었습니다.
112.152.82.179,만료되었습니다. -> 58.226.48.65 -> 100.81.225.217 -> 10.67.254.166 -> 10.222.35.210 -> 10.222.10.181 -> 211.44.125.205 -> 만료되었습니다. -> 만료되었습니다. -> 만료되었습니다. -> 만료되었습니다. -> 만료되었습니다.
39.118.208.219,만료되었습니다. -> 58.226.48.65 -> 100.81.225.213 -> 10.67.254.152 -> 10.222.22.238 -> 10.222.24.235 -> 10.66.251.13 -> 100.84.140.218 -> 100.84.20.22 -> 39.118.208.219
223.38.181.87,192.168.0.1 -> 58.226.48.65 -> 100.81.225.217 -> 10.67.254.160 -> 10.222.9.0 -> 10.222.15.203 -> 만료되었습니다. -> 만료되었습니다. -> 만료되었습니다. -> 만료되었습니다. -> 만료되었습니다. -> 만료되었습니다.
61.43.140.151,192.168.0.1 -> 58.226.48.65 -> 100.81.225.217 -> 10.67.254.164 -> 10.222.9.2 -> 10.222.32.51 -> 211.44.125.197 -> 만료되었습니다. -> 만료되었습니다. -> 만료되었습니다. -> 1.213.149.114 -> 만료되었습니다.
121.162.244.193,만료되었습니다. -> 58.226.48.65 -> 100.81.225.213 -> 10.67.254.152 -> 10.222.35.208 -> 10.222.32.55 -> 218.145.32.25 -> 만료되었습니다. -> 112.174.56.18 -> 만료되었습니다. -> 112.188.69.98 -> 121.162.244.193
222.233.104.151,만료되었습니다. -> 58.226.48.65 -> 100.81.225.213 -> 10.67.254.152 -> 10.222.18.150 -> 10.222.24.245 -> 10.65.253.177 -> 100.74.54.194 -> 100.74.80.242 -> 222.233.104.151
210.179.107.31,만료되었습니다. -> 58.226.48.65 -> 100.81.225.217 -> 10.67.254.164 -> 10.222.22.236 -> 10.222.32.79 -> 218.145.32.29 -> 만료되었습니다. -> 112.174.58.94 -> 만료되었습니다. -> 만료되었습니다. -> 210.179.107.31
175.213.68.205,만료되었습니다. -> 58.226.48.65 -> 100.81.225.217 -> 10.67.254.164 -> 10.222.22.236 -> 10.222.32.53 -> 59.18.60.237 -> 만료되었습니다. -> 112.174.56.138 -> 만료되었습니다. -> 112.188.93.62 -> 175.213.68.205
58.29.202.233,192.168.0.1 -> 58.226.48.65 -> 100.81.225.217 -> 10.67.254.166 -> 10.222.9.10 -> 10.222.32.147 -> 115.90.14.129 -> 만료되었습니다. -> 만료되었습니다. -> 만료되었습니다. -> 203.248.129.134 -> 만료되었습니다.
218.237.114.123,만료되었습니다. -> 58.226.48.65 -> 100.81.225.213 -> 10.67.254.156 -> 10.222.9.2 -> 10.222.24.65 -> 10.65.251.17 -> 100.74.67.150 -> 100.74.69.210 -> 218.237.114.123
106.101.9.121,192.168.0.1 -> 58.226.48.65 -> 100.81.225.213 -> 10.67.254.154 -> 10.222.22.238 -> 10.222.11.145 -> 124.111.70.37 -> 123.141.245.206 -> 만료되었습니다. -> 만료되었습니다. -> 만료되었습니다. -> 만료되었습니다.
61.40.143.233,만료되었습니다. -> 58.226.48.65 -> 100.81.225.213 -> 10.67.254.156 -> 10.222.35.210 -> 10.222.32.91 -> 115.89.240.245 -> 만료되었습니다. -> 만료되었습니다. -> 만료되었습니다. -> 1.208.168.86 -> 만료되었습니다.
58.29.187.143,만료되었습니다. -> 58.226.48.65 -> 100.81.225.217 -> 10.67.254.160 -> 10.222.35.208 -> 10.222.10.187 -> 211.44.125.205 -> 만료되었습니다. -> 만료되었습니다. -> 만료되었습니다. -> 1.208.104.230 -> 만료되었습니다.
112.161.45.123,192.168.0.1 -> 만료되었습니다. -> 100.81.225.217 -> 10.67.254.160 -> 10.222.35.214 -> 10.222.32.119 -> 59.18.60.225 -> 만료되었습니다. -> 112.174.57.218 -> 만료되었습니다. -> 만료되었습니다. -> 112.161.45.123
52.167.144.191,192.168.0.1 -> 만료되었습니다. -> 100.81.225.217 -> 10.67.254.162 -> 10.222.18.150 -> 10.222.15.209 -> 39.120.4.149 -> 104.44.239.240 -> 104.44.22.29 -> 104.44.19.96 -> 104.44.28.161 -> 104.44.17.1
14.58.118.201,만료되었습니다. -> 58.226.48.65 -> 100.81.225.213 -> 10.67.254.156 -> 10.222.9.6 -> 10.222.10.187 -> 211.44.125.213 -> 만료되었습니다. -> 112.174.56.138 -> 만료되었습니다. -> 만료되었습니다. -> 14.58.118.201
1.225.126.175,만료되었습니다. -> 58.226.48.65 -> 100.81.225.217 -> 10.67.254.160 -> 10.222.22.238 -> 10.222.24.251 -> 10.65.251.29 -> 100.74.67.150 -> 100.74.102.98 -> 1.225.126.175
106.101.76.69,만료되었습니다. -> 58.226.48.65 -> 100.81.225.217 -> 10.67.254.162 -> 10.222.18.152 -> 10.222.11.153 -> 124.111.70.39 -> 1.213.104.26 -> 만료되었습니다. -> 만료되었습니다. -> 만료되었습니다. -> 만료되었습니다.
118.235.11.133,만료되었습니다. -> 58.226.48.65 -> 100.81.225.217 -> 10.67.254.164 -> 10.222.9.14 -> 10.222.11.157 -> 124.111.70.43 -> 110.69.35.13 -> 110.69.33.78 -> 만료되었습니다. -> 만료되었습니다. -> 만료되었습니다.
1.236.187.67,만료되었습니다. -> 58.226.48.65 -> 100.81.225.213 -> 10.67.254.158 -> 10.222.18.156 -> 10.222.24.241 -> 10.65.253.77 -> 만료되었습니다. -> 1.236.187.67
182.209.126.13,만료되었습니다. -> 58.226.48.65 -> 100.81.225.217 -> 10.67.254.160 -> 10.222.18.150 -> 10.222.10.203 -> 211.32.41.249 -> 만료되었습니다. -> 만료되었습니다. -> 211.53.88.97 -> 만료되었습니다. -> 1.213.152.174
1.236.89.163,만료되었습니다. -> 58.226.48.65 -> 100.81.225.217 -> 10.67.254.166 -> 10.222.18.162 -> 10.222.24.253 -> 10.65.253.129 -> 100.74.52.190 -> 1.236.89.163
211.234.183.123,192.168.0.1 -> 58.226.48.65 -> 100.81.225.217 -> 10.67.254.166 -> 10.222.18.162 -> 10.222.11.135 -> 만료되었습니다. -> 만료되었습니다. -> 만료되었습니다. -> 만료되었습니다. -> 만료되었습니다. -> 만료되었습니다.
106.247.4.21,만료되었습니다. -> 58.226.48.65 -> 100.81.225.213 -> 10.67.254.152 -> 10.222.35.214 -> 10.222.32.157 -> 211.44.125.203 -> 만료되었습니다. -> 만료되었습니다. -> 만료되었습니다. -> 만료되었습니다. -> 1.213.106.194
203.152.169.3,만료되었습니다. -> 58.226.48.65 -> 100.81.225.213 -> 10.67.254.152 -> 10.222.9.4 -> 10.222.32.93 -> 59.18.60.241 -> 128.134.10.174 -> 203.246.162.133 -> 203.246.170.22 -> 만료되었습니다. -> 만료되었습니다.
183.97.202.33,만료되었습니다. -> 58.226.48.65 -> 100.81.225.213 -> 10.67.254.152 -> 10.222.9.0 -> 10.222.10.173 -> 59.18.60.233 -> 만료되었습니다. -> 112.174.56.130 -> 만료되었습니다. -> 112.188.89.186 -> 183.97.202.33
1.211.120.23,만료되었습니다. -> 58.226.48.65 -> 100.81.225.217 -> 10.67.254.160 -> 10.222.35.214 -> 10.222.11.197 -> 211.44.125.209 -> 만료되었습니다. -> 만료되었습니다. -> 만료되었습니다. -> 1.213.112.54 -> 1.208.144.250
117.111.20.197,만료되었습니다. -> 58.226.48.65 -> 100.81.225.213 -> 10.67.254.158 -> 10.222.22.240 -> 10.222.11.157 -> 124.111.70.39 -> 203.233.35.134 -> 만료되었습니다. -> 만료되었습니다. -> 만료되었습니다. -> 만료되었습니다.
118.235.3.239,만료되었습니다. -> 58.226.48.65 -> 100.81.225.217 -> 10.67.254.162 -> 10.222.9.4 -> 10.222.10.147 -> 124.111.70.47 -> 110.69.34.29 -> 110.69.32.14 -> 만료되었습니다. -> 만료되었습니다. -> 만료되었습니다.
125.242.170.155,만료되었습니다. -> 만료되었습니다. -> 100.81.225.213 -> 10.67.254.158 -> 10.222.35.210 -> 10.222.32.93 -> 211.44.125.199 -> 만료되었습니다. -> 만료되었습니다. -> 만료되었습니다. -> 만료되었습니다. -> 1.213.106.194
14.4.212.193,만료되었습니다. -> 58.226.48.65 -> 100.81.225.217 -> 10.67.254.166 -> 10.222.18.160 -> 10.222.32.115 -> 211.44.125.201 -> 만료되었습니다. -> 만료되었습니다. -> 만료되었습니다. -> 1.208.113.42 -> 1.208.167.126
183.97.167.107,만료되었습니다. -> 58.226.48.65 -> 100.81.225.213 -> 10.67.254.152 -> 10.222.35.214 -> 10.222.32.121 -> 218.145.32.17 -> 만료되었습니다. -> 112.174.56.42 -> 만료되었습니다. -> 만료되었습니다. -> 183.97.167.107
1.224.14.31,만료되었습니다. -> 58.226.48.65 -> 100.81.225.217 -> 10.67.254.166 -> 10.222.35.210 -> 10.222.24.67 -> 10.65.253.55 -> 100.74.139.78 -> 100.74.129.62 -> 1.224.14.31
211.234.198.153,만료되었습니다. -> 58.226.48.65 -> 100.81.225.217 -> 10.67.254.166 -> 10.222.22.240 -> 10.222.11.133 -> 만료되었습니다. -> 만료되었습니다. -> 만료되었습니다. -> 만료되었습니다. -> 만료되었습니다. -> 만료되었습니다.
58.29.180.53,192.168.0.1 -> 58.226.48.65 -> 100.81.225.217 -> 10.67.254.160 -> 10.222.35.208 -> 10.222.10.185 -> 115.89.240.241 -> 만료되었습니다. -> 만료되었습니다. -> 만료되었습니다. -> 만료되었습니다. -> 만료되었습니다.
106.101.201.71,만료되었습니다. -> 58.226.48.65 -> 100.81.225.217 -> 10.67.254.164 -> 10.222.9.2 -> 10.222.10.141 -> 124.111.70.35 -> 123.140.6.22 -> 만료되었습니다. -> 만료되었습니다. -> 만료되었습니다. -> 만료되었습니다.
121.161.8.95,192.168.0.1 -> 만료되었습니다. -> 100.81.225.217 -> 10.67.254.162 -> 10.222.22.234 -> 10.222.32.53 -> 211.44.125.47 -> 만료되었습니다. -> 112.174.58.90 -> 만료되었습니다. -> 만료되었습니다. -> 121.161.8.95
106.101.79.157,만료되었습니다. -> 58.226.48.65 -> 100.81.225.217 -> 10.67.254.166 -> 10.222.9.2 -> 10.222.10.135 -> 124.111.70.33 -> 123.141.245.202 -> 만료되었습니다. -> 만료되었습니다. -> 만료되었습니다. -> 만료되었습니다.
14.42.65.3,만료되었습니다. -> 58.226.48.65 -> 100.81.225.217 -> 10.67.254.164 -> 10.222.9.2 -> 10.222.10.189 -> 211.44.125.49 -> 만료되었습니다. -> 112.174.56.138 -> 만료되었습니다. -> 만료되었습니다. -> 14.42.65.3
211.245.112.37,만료되었습니다. -> 58.226.48.65 -> 100.81.225.217 -> 10.67.254.166 -> 10.222.9.6 -> 10.222.24.247 -> 10.65.253.83 -> 100.74.67.154 -> 100.74.102.142 -> 211.245.112.37
218.236.245.247,만료되었습니다. -> 58.226.48.65 -> 100.81.225.213 -> 10.67.254.152 -> 10.222.22.234 -> 10.222.24.241 -> 10.65.251.11 -> 100.74.124.114 -> 100.74.53.26 -> 218.236.245.247
211.234.234.217,만료되었습니다. -> 58.226.48.65 -> 100.81.225.217 -> 10.67.254.160 -> 10.222.22.238 -> 10.222.15.211 -> 만료되었습니다. -> 만료되었습니다. -> 만료되었습니다. -> 만료되었습니다. -> 만료되었습니다. -> 만료되었습니다.
39.7.25.195,만료되었습니다. -> 58.226.48.65 -> 100.81.225.213 -> 10.67.254.158 -> 10.222.22.236 -> 10.222.10.143 -> 124.111.70.47 -> 110.69.35.25 -> 110.69.33.66 -> 만료되었습니다. -> 만료되었습니다. -> 만료되었습니다.
58.29.182.129,만료되었습니다. -> 58.226.48.65 -> 100.81.225.217 -> 10.67.254.166 -> 10.222.9.2 -> 10.222.32.47 -> 211.44.125.197 -> 만료되었습니다. -> 만료되었습니다. -> 만료되었습니다. -> 1.213.149.114 -> 만료되었습니다.
221.155.85.209,만료되었습니다. -> 만료되었습니다. -> 100.81.225.213 -> 10.67.254.156 -> 10.222.35.210 -> 10.222.32.91 -> 59.18.60.241 -> 만료되었습니다. -> 112.174.56.138 -> 만료되었습니다. -> 만료되었습니다. -> 221.155.85.209
218.52.186.225,192.168.0.1 -> 58.226.48.65 -> 100.81.225.217 -> 10.67.254.166 -> 10.222.18.162 -> 10.222.19.150 -> 10.222.25.71 -> 10.72.252.47 -> 100.88.13.90 -> 218.52.186.225
124.111.3.51,만료되었습니다. -> 58.226.48.65 -> 100.81.225.217 -> 10.67.254.162 -> 10.222.9.12 -> 10.222.24.253 -> 10.65.253.145 -> 100.74.124.110 -> 100.74.53.26 -> 만료되었습니다. -> 만료되었습니다. -> 만료되었습니다.
211.235.70.85,192.168.0.1 -> 58.226.48.65 -> 100.81.225.213 -> 10.67.254.158 -> 10.222.18.156 -> 10.222.10.125 -> 만료되었습니다. -> 만료되었습니다. -> 만료되었습니다. -> 만료되었습니다. -> 만료되었습니다. -> 만료되었습니다.
183.97.129.63,만료되었습니다. -> 만료되었습니다. -> 100.81.225.213 -> 10.67.254.156 -> 10.222.9.2 -> 10.222.10.189 -> 211.44.125.217 -> 만료되었습니다. -> 112.174.56.138 -> 만료되었습니다. -> 만료되었습니다. -> 183.97.129.63
221.155.82.93,만료되었습니다. -> 만료되었습니다. -> 100.81.225.217 -> 10.67.254.166 -> 10.222.18.158 -> 10.222.32.87 -> 218.145.32.29 -> 만료되었습니다. -> 112.174.57.222 -> 만료되었습니다. -> 112.188.89.30 -> 221.155.82.93
211.235.74.51,만료되었습니다. -> 58.226.48.65 -> 100.81.225.213 -> 10.67.254.152 -> 10.222.9.4 -> 10.222.10.131 -> 만료되었습니다. -> 만료되었습니다. -> 만료되었습니다. -> 만료되었습니다. -> 만료되었습니다. -> 만료되었습니다.
10.9.50.15,만료되었습니다. -> 만료되었습니다. -> 100.81.225.213 -> 10.67.254.158 -> 10.222.22.236 -> 10.222.19.163 -> 10.222.18.147 -> 10.44.248.149 -> 10.251.74.6 -> 만료되었습니다. -> 만료되었습니다. -> 만료되었습니다.
58.29.182.193,만료되었습니다. -> 58.226.48.65 -> 100.81.225.213 -> 10.67.254.156 -> 10.222.35.212 -> 10.222.11.203 -> 115.89.240.121 -> 만료되었습니다. -> 만료되었습니다. -> 만료되었습니다. -> 1.208.178.118 -> 만료되었습니다.
59.7.15.223,만료되었습니다. -> 만료되었습니다. -> 100.81.225.217 -> 10.67.254.166 -> 10.222.18.156 -> 10.222.32.47 -> 211.44.125.47 -> 만료되었습니다. -> 112.174.57.218 -> 만료되었습니다. -> 112.188.81.34 -> 59.7.15.223
211.243.37.103,192.168.0.1 -> 58.226.48.65 -> 100.81.225.213 -> 10.67.254.154 -> 10.222.18.150 -> 10.222.24.247 -> 10.65.253.87 -> 100.74.139.142 -> 211.243.37.103
223.38.90.27,만료되었습니다. -> 58.226.48.65 -> 100.81.225.217 -> 10.67.254.166 -> 10.222.22.236 -> 10.222.16.65 -> 만료되었습니다. -> 만료되었습니다. -> 만료되었습니다. -> 만료되었습니다. -> 만료되었습니다. -> 만료되었습니다.
223.118.50.115,만료되었습니다. -> 58.226.48.65 -> 100.81.225.213 -> 10.67.254.152 -> 10.222.9.0 -> 10.222.10.159 -> 10.222.2.23 -> 203.190.230.108 -> 223.120.3.90 -> 만료되었습니다. -> 만료되었습니다. -> 만료되었습니다.
118.235.65.197,만료되었습니다. -> 58.226.48.65 -> 100.81.225.217 -> 10.67.254.160 -> 10.222.18.152 -> 10.222.11.147 -> 124.111.70.41 -> 110.69.19.37 -> 110.69.17.14 -> 만료되었습니다. -> 만료되었습니다. -> 만료되었습니다.
118.235.10.249,만료되었습니다. -> 58.226.48.65 -> 100.81.225.213 -> 10.67.254.158 -> 10.222.18.160 -> 10.222.11.147 -> 124.111.70.41 -> 110.69.19.37 -> 110.69.17.18 -> 만료되었습니다. -> 만료되었습니다. -> 만료되었습니다.
112.161.122.21,만료되었습니다. -> 58.226.48.65 -> 100.81.225.213 -> 10.67.254.156 -> 10.222.35.212 -> 10.222.32.113 -> 59.18.60.225 -> 만료되었습니다. -> 112.174.56.134 -> 만료되었습니다. -> 만료되었습니다. -> 112.161.122.21
211.235.102.235,192.168.0.1 -> 만료되었습니다. -> 100.81.225.213 -> 10.67.254.156 -> 10.222.18.156 -> 10.222.15.207 -> 만료되었습니다. -> 만료되었습니다. -> 만료되었습니다. -> 만료되었습니다. -> 만료되었습니다. -> 만료되었습니다.
106.101.134.25,만료되었습니다. -> 만료되었습니다. -> 100.81.225.217 -> 10.67.254.166 -> 10.222.35.210 -> 10.222.10.137 -> 124.111.70.33 -> 1.208.178.158 -> 만료되었습니다. -> 만료되었습니다. -> 만료되었습니다. -> 만료되었습니다.
106.101.205.67,만료되었습니다. -> 만료되었습니다. -> 100.81.225.213 -> 10.67.254.158 -> 10.222.9.10 -> 10.222.11.153 -> 124.111.70.39 -> 123.140.10.38 -> 만료되었습니다. -> 만료되었습니다. -> 만료되었습니다. -> 만료되었습니다.
106.101.192.69,만료되었습니다. -> 58.226.48.65 -> 100.81.225.217 -> 10.67.254.164 -> 10.222.22.240 -> 10.222.11.149 -> 124.111.70.37 -> 115.92.243.234 -> 만료되었습니다. -> 만료되었습니다. -> 만료되었습니다. -> 만료되었습니다.
58.29.153.151,192.168.0.1 -> 만료되었습니다. -> 100.81.225.213 -> 10.67.254.154 -> 10.222.9.8 -> 10.222.11.203 -> 115.89.240.121 -> 만료되었습니다. -> 만료되었습니다. -> 만료되었습니다. -> 1.208.179.126 -> 만료되었습니다.
211.234.183.195,만료되었습니다. -> 58.226.48.65 -> 100.81.225.213 -> 10.67.254.154 -> 10.222.22.234 -> 10.222.10.117 -> 만료되었습니다. -> 만료되었습니다. -> 만료되었습니다. -> 만료되었습니다. -> 만료되었습니다. -> 만료되었습니다.
112.152.67.69,만료되었습니다. -> 58.226.48.65 -> 100.81.225.217 -> 10.67.254.162 -> 10.222.18.150 -> 10.222.10.201 -> 211.32.41.249 -> 만료되었습니다. -> 만료되었습니다. -> 만료되었습니다. -> 1.208.179.126 -> 만료되었습니다.
210.178.78.23,만료되었습니다. -> 58.226.48.65 -> 100.81.225.213 -> 10.67.254.154 -> 10.222.22.234 -> 10.222.10.189 -> 211.44.125.49 -> 만료되었습니다. -> 112.174.56.142 -> 만료되었습니다. -> 만료되었습니다. -> 125.142.36.42
106.101.69.107,만료되었습니다. -> 58.226.48.65 -> 100.81.225.217 -> 10.67.254.166 -> 10.222.22.236 -> 10.222.10.135 -> 124.111.70.33 -> 1.208.178.74 -> 만료되었습니다. -> 만료되었습니다. -> 만료되었습니다. -> 만료되었습니다.
183.96.150.137,만료되었습니다. -> 58.226.48.65 -> 100.81.225.217 -> 10.67.254.164 -> 10.222.35.212 -> 10.222.32.111 -> 218.145.32.33 -> 만료되었습니다. -> 112.174.58.66 -> 만료되었습니다. -> 112.188.56.90 -> 183.96.150.137
175.114.201.199,192.168.0.1 -> 58.226.48.65 -> 100.81.225.213 -> 10.67.254.156 -> 10.222.9.6 -> 10.222.24.67 -> 10.65.253.95 -> 100.74.33.130 -> 100.74.187.242 -> 175.114.201.199
106.101.132.71,만료되었습니다. -> 58.226.48.65 -> 100.81.225.213 -> 10.67.254.154 -> 10.222.22.238 -> 10.222.11.155 -> 124.111.70.39 -> 123.140.10.38 -> 만료되었습니다. -> 만료되었습니다. -> 만료되었습니다. -> 만료되었습니다.
211.168.59.13,192.168.0.1 -> 만료되었습니다. -> 100.81.225.217 -> 10.67.254.166 -> 10.222.18.160 -> 10.222.32.147 -> 115.90.14.129 -> 만료되었습니다. -> 만료되었습니다. -> 만료되었습니다. -> 만료되었습니다. -> 1.213.152.118
118.235.11.37,만료되었습니다. -> 58.226.48.65 -> 100.81.225.213 -> 10.67.254.156 -> 10.222.18.162 -> 10.222.11.151 -> 124.111.70.41 -> 110.69.19.5 -> 110.69.17.14 -> 만료되었습니다. -> 만료되었습니다. -> 만료되었습니다.
125.182.56.145,만료되었습니다. -> 58.226.48.65 -> 100.81.225.213 -> 10.67.254.158 -> 10.222.22.240 -> 10.222.11.199 -> 211.44.125.209 -> 만료되었습니다. -> 만료되었습니다. -> 만료되었습니다. -> 만료되었습니다. -> 1.213.106.106
1.236.179.11,만료되었습니다. -> 58.226.48.65 -> 100.81.225.217 -> 10.67.254.164 -> 10.222.22.236 -> 10.222.24.65 -> 10.65.251.21 -> 100.74.150.214 -> 100.74.151.158 -> 1.236.179.11
211.234.183.49,만료되었습니다. -> 58.226.48.65 -> 100.81.225.217 -> 10.67.254.164 -> 10.222.9.10 -> 10.222.11.131 -> 만료되었습니다. -> 만료되었습니다. -> 만료되었습니다. -> 만료되었습니다. -> 만료되었습니다. -> 만료되었습니다.
223.39.238.157,192.168.0.1 -> 58.226.48.65 -> 100.81.225.213 -> 10.67.254.154 -> 10.222.9.8 -> 10.222.15.215 -> 만료되었습니다. -> 만료되었습니다. -> 만료되었습니다. -> 만료되었습니다. -> 만료되었습니다. -> 만료되었습니다.
61.97.56.101,만료되었습니다. -> 58.226.48.65 -> 100.81.225.217 -> 10.67.254.160 -> 10.222.18.150 -> 10.222.10.187 -> 211.44.125.205 -> 만료되었습니다. -> 만료되었습니다. -> 만료되었습니다. -> 1.208.168.86 -> 만료되었습니다.
112.161.231.231,만료되었습니다. -> 58.226.48.65 -> 100.81.225.213 -> 10.67.254.152 -> 10.222.9.8 -> 10.222.11.185 -> 211.44.125.223 -> 만료되었습니다. -> 112.174.56.142 -> 만료되었습니다. -> 만료되었습니다. -> 112.161.231.231
211.234.234.55,만료되었습니다. -> 58.226.48.65 -> 100.81.225.213 -> 10.67.254.158 -> 10.222.35.210 -> 10.222.15.205 -> 만료되었습니다. -> 만료되었습니다. -> 만료되었습니다. -> 만료되었습니다. -> 만료되었습니다. -> 만료되었습니다.
59.7.96.243,192.168.0.1 -> 58.226.48.65 -> 100.81.225.217 -> 10.67.254.160 -> 10.222.18.150 -> 10.222.32.57 -> 211.44.125.47 -> 만료되었습니다. -> 112.174.57.222 -> 만료되었습니다. -> 만료되었습니다. -> 59.7.96.243
125.177.41.195,만료되었습니다. -> 58.226.48.65 -> 100.81.225.213 -> 10.67.254.152 -> 10.222.22.238 -> 10.222.11.207 -> 211.44.125.211 -> 만료되었습니다. -> 만료되었습니다. -> 만료되었습니다. -> 만료되었습니다. -> 1.213.106.106
125.177.34.99,만료되었습니다. -> 58.226.48.65 -> 100.81.225.217 -> 10.67.254.166 -> 10.222.22.236 -> 10.222.32.49 -> 210.120.1.105 -> 만료되었습니다. -> 만료되었습니다. -> 만료되었습니다. -> 만료되었습니다. -> 1.213.106.106
112.161.42.39,만료되었습니다. -> 58.226.48.65 -> 100.81.225.213 -> 10.67.254.154 -> 10.222.18.150 -> 10.222.32.61 -> 59.18.60.237 -> 만료되었습니다. -> 112.174.58.86 -> 만료되었습니다. -> 112.188.87.26 -> 112.161.42.39
112.148.75.141,만료되었습니다. -> 58.226.48.65 -> 100.81.225.217 -> 10.67.254.164 -> 10.222.18.158 -> 10.222.32.89 -> 211.44.125.199 -> 만료되었습니다. -> 만료되었습니다. -> 만료되었습니다. -> 만료되었습니다. -> 1.213.152.174
1.236.116.225,만료되었습니다. -> 58.226.48.65 -> 100.81.225.213 -> 10.67.254.154 -> 10.222.18.148 -> 10.222.24.65 -> 10.65.253.81 -> 100.74.67.150 -> 100.74.102.126 -> 만료되었습니다. -> 만료되었습니다. -> 만료되었습니다.
175.213.81.49,만료되었습니다. -> 58.226.48.65 -> 100.81.225.217 -> 10.67.254.164 -> 10.222.9.10 -> 10.222.32.149 -> 218.145.32.21 -> 만료되었습니다. -> 112.174.63.174 -> 만료되었습니다. -> 만료되었습니다. -> 175.213.81.49
222.101.119.101,만료되었습니다. -> 58.226.48.65 -> 100.81.225.213 -> 10.67.254.158 -> 10.222.9.14 -> 10.222.11.215 -> 211.44.125.219 -> 만료되었습니다. -> 112.174.56.130 -> 만료되었습니다. -> 112.188.85.130 -> 222.101.119.101
211.49.232.41,만료되었습니다. -> 58.226.48.65 -> 100.81.225.217 -> 10.67.254.162 -> 10.222.18.148 -> 10.222.24.65 -> 10.65.253.149 -> 100.74.187.162 -> 만료되었습니다. -> 만료되었습니다. -> 만료되었습니다. -> 만료되었습니다.
118.235.10.123,192.168.0.1 -> 만료되었습니다. -> 100.81.225.213 -> 10.67.254.156 -> 10.222.9.2 -> 10.222.10.143 -> 124.111.70.47 -> 110.69.35.29 -> 110.69.33.66 -> 만료되었습니다. -> 만료되었습니다. -> 만료되었습니다.
223.38.183.59,만료되었습니다. -> 58.226.48.65 -> 100.81.225.213 -> 10.67.254.152 -> 10.222.22.234 -> 10.222.16.65 -> 만료되었습니다. -> 만료되었습니다. -> 만료되었습니다. -> 만료되었습니다. -> 만료되었습니다. -> 만료되었습니다.
223.38.182.99,만료되었습니다. -> 58.226.48.65 -> 100.81.225.213 -> 10.67.254.158 -> 10.222.9.14 -> 10.222.11.133 -> 만료되었습니다. -> 만료되었습니다. -> 만료되었습니다. -> 만료되었습니다. -> 만료되었습니다. -> 만료되었습니다.
14.58.107.107,만료되었습니다. -> 58.226.48.65 -> 100.81.225.213 -> 10.67.254.154 -> 10.222.18.152 -> 10.222.32.145 -> 59.18.60.229 -> 만료되었습니다. -> 112.174.63.166 -> 만료되었습니다. -> 112.188.93.70 -> 14.58.107.107
106.101.8.159,192.168.0.1 -> 만료되었습니다. -> 100.81.225.217 -> 10.67.254.160 -> 10.222.18.154 -> 10.222.11.149 -> 124.111.70.37 -> 123.141.246.50 -> 만료되었습니다. -> 만료되었습니다. -> 만료되었습니다. -> 만료되었습니다.
112.153.218.245,만료되었습니다. -> 58.226.48.65 -> 100.81.225.213 -> 10.67.254.158 -> 10.222.18.162 -> 10.222.11.211 -> 211.44.125.211 -> 만료되었습니다. -> 만료되었습니다. -> 만료되었습니다. -> 1.208.105.230 -> 만료되었습니다.
203.248.156.97,만료되었습니다. -> 58.226.48.65 -> 100.81.225.213 -> 10.67.254.152 -> 10.222.18.148 -> 10.222.10.177 -> 211.44.125.205 -> 만료되었습니다. -> 만료되었습니다. -> 만료되었습니다. -> 만료되었습니다. -> 1.213.106.106
182.216.148.209,만료되었습니다. -> 58.226.48.65 -> 100.81.225.217 -> 10.67.254.162 -> 10.222.18.148 -> 10.222.10.173 -> 115.89.240.241 -> 만료되었습니다. -> 만료되었습니다. -> 만료되었습니다. -> 만료되었습니다. -> 1.208.167.126
183.97.181.7,만료되었습니다. -> 만료되었습니다. -> 100.81.225.217 -> 10.67.254.166 -> 10.222.35.212 -> 10.222.11.189 -> 211.44.125.223 -> 만료되었습니다. -> 112.174.58.94 -> 만료되었습니다. -> 112.188.83.6 -> 183.97.181.7
118.235.31.45,만료되었습니다. -> 58.226.48.65 -> 100.81.225.213 -> 10.67.254.154 -> 10.222.18.154 -> 10.222.11.149 -> 124.111.70.41 -> 110.69.19.5 -> 110.69.17.82 -> 만료되었습니다. -> 만료되었습니다. -> 만료되었습니다.
110.13.3.177,만료되었습니다. -> 58.226.48.65 -> 100.81.225.217 -> 10.67.254.166 -> 10.222.18.158 -> 10.222.24.67 -> 10.65.253.75 -> 만료되었습니다. -> 110.13.3.177
14.38.150.71,만료되었습니다. -> 58.226.48.65 -> 100.81.225.217 -> 10.67.254.162 -> 10.222.9.4 -> 10.222.32.57 -> 218.145.32.25 -> 만료되었습니다. -> 112.174.56.34 -> 만료되었습니다. -> 만료되었습니다. -> 만료되었습니다.
118.235.73.185,만료되었습니다. -> 58.226.48.65 -> 100.81.225.213 -> 10.67.254.152 -> 10.222.9.8 -> 10.222.11.155 -> 124.111.70.43 -> 110.69.18.9 -> 110.69.16.22 -> 만료되었습니다. -> 만료되었습니다. -> 만료되었습니다.
222.101.163.231,만료되었습니다. -> 58.226.48.65 -> 100.81.225.217 -> 10.67.254.162 -> 10.222.9.8 -> 10.222.11.207 -> 211.44.125.225 -> 만료되었습니다. -> 112.174.56.138 -> 만료되었습니다. -> 112.188.93.30 -> 222.101.163.231
211.235.102.63,만료되었습니다. -> 58.226.48.65 -> 100.81.225.213 -> 10.67.254.154 -> 10.222.18.150 -> 10.222.16.71 -> 만료되었습니다. -> 만료되었습니다. -> 만료되었습니다. -> 만료되었습니다. -> 만료되었습니다. -> 만료되었습니다.
58.140.208.81,만료되었습니다. -> 58.226.48.65 -> 100.81.225.217 -> 10.67.254.160 -> 10.222.22.238 -> 10.222.11.147 -> 39.120.4.157 -> 만료되었습니다. -> 만료되었습니다. -> 만료되었습니다. -> 만료되었습니다. -> 만료되었습니다.
211.36.179.225,만료되었습니다. -> 58.226.48.65 -> 100.81.225.217 -> 10.67.254.160 -> 10.222.18.154 -> 10.222.11.159 -> 39.120.4.159 -> 만료되었습니다. -> 만료되었습니다. -> 만료되었습니다. -> 만료되었습니다. -> 211.36.179.225
182.226.37.241,192.168.0.1 -> 58.226.48.65 -> 100.81.225.213 -> 10.67.254.158 -> 10.222.18.158 -> 10.222.32.55 -> 211.44.125.197 -> 만료되었습니다. -> 만료되었습니다. -> 만료되었습니다. -> 만료되었습니다. -> 1.208.167.126
211.63.51.85,만료되었습니다. -> 58.226.48.65 -> 100.81.225.217 -> 10.67.254.162 -> 10.222.9.8 -> 10.222.11.205 -> 211.44.125.211 -> 만료되었습니다. -> 만료되었습니다. -> 만료되었습니다. -> 만료되었습니다. -> 1.213.152.118
1.225.131.177,만료되었습니다. -> 만료되었습니다. -> 100.81.225.217 -> 10.67.254.164 -> 10.222.22.236 -> 10.222.24.243 -> 10.65.253.87 -> 100.74.96.26 -> 100.74.103.154 -> 1.225.131.177
211.107.106.23,만료되었습니다. -> 58.226.48.65 -> 100.81.225.217 -> 10.67.254.162 -> 10.222.18.154 -> 10.222.11.199 -> 211.44.125.223 -> 만료되었습니다. -> 112.174.56.134 -> 만료되었습니다. -> 112.188.81.2 -> 211.107.106.23
112.152.81.241,만료되었습니다. -> 만료되었습니다. -> 100.81.225.217 -> 10.67.254.160 -> 10.222.18.150 -> 10.222.32.93 -> 115.89.240.245 -> 만료되었습니다. -> 만료되었습니다. -> 만료되었습니다. -> 만료되었습니다. -> 만료되었습니다.
106.101.207.149,만료되었습니다. -> 58.226.48.65 -> 100.81.225.213 -> 10.67.254.158 -> 10.222.22.236 -> 10.222.10.133 -> 124.111.70.33 -> 1.208.178.158 -> 만료되었습니다. -> 만료되었습니다. -> 만료되었습니다. -> 만료되었습니다.
112.152.82.147,만료되었습니다. -> 58.226.48.65 -> 100.81.225.213 -> 10.67.254.156 -> 10.222.18.158 -> 10.222.32.55 -> 210.120.1.105 -> 만료되었습니다. -> 만료되었습니다. -> 만료되었습니다. -> 203.248.129.134 -> 만료되었습니다.
14.38.170.41,192.168.0.1 -> 만료되었습니다. -> 100.81.225.217 -> 10.67.254.164 -> 10.222.35.212 -> 10.222.32.117 -> 59.18.60.225 -> 만료되었습니다. -> 112.174.56.134 -> 만료되었습니다. -> 만료되었습니다. -> 14.38.170.41
114.205.95.153,192.168.0.1 -> 58.226.48.65 -> 100.81.225.213 -> 10.67.254.152 -> 10.222.9.4 -> 10.222.24.245 -> 10.65.253.89 -> 만료되었습니다. -> 114.205.95.153
223.38.178.29,만료되었습니다. -> 58.226.48.65 -> 100.81.225.217 -> 10.67.254.164 -> 10.222.9.6 -> 10.222.10.121 -> 만료되었습니다. -> 만료되었습니다. -> 만료되었습니다. -> 만료되었습니다. -> 만료되었습니다. -> 만료되었습니다.
211.235.89.193,192.168.0.1 -> 만료되었습니다. -> 100.81.225.213 -> 10.67.254.158 -> 10.222.18.160 -> 10.222.11.137 -> 만료되었습니다. -> 만료되었습니다. -> 만료되었습니다. -> 만료되었습니다. -> 만료되었습니다. -> 만료되었습니다.
125.142.74.237,만료되었습니다. -> 58.226.48.65 -> 100.81.225.213 -> 10.67.254.152 -> 10.222.9.0 -> 10.222.10.175 -> 211.44.125.45 -> 만료되었습니다. -> 112.174.56.138 -> 만료되었습니다. -> 만료되었습니다. -> 125.142.74.237
14.38.178.241,192.168.0.1 -> 58.226.48.65 -> 100.81.225.217 -> 10.67.254.164 -> 10.222.35.212 -> 10.222.11.187 -> 211.44.125.223 -> 만료되었습니다. -> 112.174.56.34 -> 만료되었습니다. -> 112.188.87.34 -> 14.38.178.241
222.101.168.243,만료되었습니다. -> 58.226.48.65 -> 100.81.225.213 -> 10.67.254.152 -> 10.222.22.238 -> 10.222.11.203 -> 211.44.125.219 -> 만료되었습니다. -> 112.174.57.218 -> 만료되었습니다. -> 112.188.83.26 -> 222.101.168.243
182.212.36.249,만료되었습니다. -> 58.226.48.65 -> 100.81.225.217 -> 10.67.254.164 -> 10.222.22.236 -> 10.222.10.189 -> 211.32.41.249 -> 만료되었습니다. -> 만료되었습니다. -> 만료되었습니다. -> 만료되었습니다. -> 1.208.167.126
49.175.57.167,만료되었습니다. -> 58.226.48.65 -> 100.81.225.213 -> 10.67.254.154 -> 10.222.18.150 -> 10.222.10.183 -> 115.89.240.241 -> 만료되었습니다. -> 만료되었습니다. -> 만료되었습니다. -> 1.208.112.250 -> 1.213.152.174
106.101.2.21,만료되었습니다. -> 58.226.48.65 -> 100.81.225.217 -> 10.67.254.166 -> 10.222.35.210 -> 10.222.10.137 -> 124.111.70.33 -> 123.142.0.126 -> 만료되었습니다. -> 만료되었습니다. -> 만료되었습니다. -> 만료되었습니다.
118.235.13.223,만료되었습니다. -> 58.226.48.65 -> 100.81.225.217 -> 10.67.254.164 -> 10.222.22.236 -> 10.222.10.133 -> 124.111.70.45 -> 110.69.19.17 -> 110.69.17.22 -> 만료되었습니다. -> 만료되었습니다. -> 만료되었습니다.
175.213.43.31,만료되었습니다. -> 58.226.48.65 -> 100.81.225.217 -> 10.67.254.164 -> 10.222.35.210 -> 10.222.10.199 -> 211.44.125.217 -> 만료되었습니다. -> 112.174.56.130 -> 만료되었습니다. -> 112.188.92.158 -> 59.7.8.134
211.188.75.131,만료되었습니다. -> 58.226.48.65 -> 100.81.225.213 -> 10.67.254.158 -> 10.222.9.10 -> 10.222.11.155 -> 222.237.11.27 -> 만료되었습니다. -> 만료되었습니다. -> 만료되었습니다. -> 211.188.75.131
66.220.149.37,만료되었습니다. -> 58.226.48.65 -> 100.81.225.217 -> 10.67.254.162 -> 10.222.9.4 -> 10.222.10.161 -> 10.222.1.87 -> 157.240.94.110 -> 147.75.216.64 -> 147.75.219.136 -> 129.134.51.56 -> 129.134.33.35
223.38.182.163,192.168.0.1 -> 58.226.48.65 -> 100.81.225.217 -> 10.67.254.160 -> 10.222.35.208 -> 10.222.15.205 -> 만료되었습니다. -> 만료되었습니다. -> 만료되었습니다. -> 만료되었습니다. -> 만료되었습니다. -> 만료되었습니다.
223.38.51.193,만료되었습니다. -> 58.226.48.65 -> 100.81.225.217 -> 10.67.254.162 -> 10.222.22.238 -> 10.222.11.129 -> 만료되었습니다. -> 만료되었습니다. -> 만료되었습니다. -> 만료되었습니다. -> 만료되었습니다. -> 만료되었습니다.
1.236.15.111,만료되었습니다. -> 58.226.48.65 -> 100.81.225.213 -> 10.67.254.152 -> 10.222.22.238 -> 10.222.24.251 -> 10.65.253.59 -> 100.74.150.2 -> 100.74.10.118 -> 만료되었습니다. -> 만료되었습니다. -> 만료되었습니다.
125.177.41.179,만료되었습니다. -> 58.226.48.65 -> 100.81.225.217 -> 10.67.254.160 -> 10.222.18.150 -> 10.222.10.181 -> 211.44.125.205 -> 만료되었습니다. -> 만료되었습니다. -> 만료되었습니다. -> 만료되었습니다. -> 1.213.152.118
59.7.28.149,만료되었습니다. -> 58.226.48.65 -> 100.81.225.213 -> 10.67.254.154 -> 10.222.35.214 -> 10.222.11.199 -> 211.44.125.215 -> 만료되었습니다. -> 112.174.63.174 -> 만료되었습니다. -> 만료되었습니다. -> 59.7.28.149
203.160.86.245,192.168.0.1 -> 만료되었습니다. -> 100.81.225.213 -> 10.67.254.154 -> 10.222.18.152 -> 10.222.38.147 -> 만료되었습니다. -> 129.250.9.52 -> 만료되었습니다. -> 129.250.2.189 -> 만료되었습니다. -> 만료되었습니다.
106.101.78.55,만료되었습니다. -> 만료되었습니다. -> 100.81.225.213 -> 10.67.254.152 -> 10.222.9.0 -> 10.222.10.141 -> 124.111.70.35 -> 123.141.246.54 -> 만료되었습니다. -> 만료되었습니다. -> 만료되었습니다. -> 만료되었습니다.
119.65.121.203,만료되었습니다. -> 만료되었습니다. -> 100.81.225.213 -> 10.67.254.156 -> 10.222.18.160 -> 10.222.32.117 -> 211.44.125.201 -> 만료되었습니다. -> 만료되었습니다. -> 만료되었습니다. -> 1.208.105.58 -> 1.208.167.126
118.235.74.147,만료되었습니다. -> 58.226.48.65 -> 100.81.225.217 -> 10.67.254.160 -> 10.222.18.154 -> 10.222.11.149 -> 124.111.70.41 -> 110.69.18.1 -> 110.69.16.14 -> 만료되었습니다. -> 만료되었습니다. -> 만료되었습니다.
222.101.167.167,만료되었습니다. -> 만료되었습니다. -> 100.81.225.217 -> 10.67.254.160 -> 10.222.18.148 -> 10.222.10.189 -> 211.44.125.49 -> 만료되었습니다. -> 112.174.56.142 -> 만료되었습니다. -> 만료되었습니다. -> 만료되었습니다.
118.235.25.9,만료되었습니다. -> 58.226.48.65 -> 100.81.225.213 -> 10.67.254.158 -> 10.222.18.160 -> 10.222.11.153 -> 124.111.70.43 -> 110.69.19.9 -> 110.69.17.30 -> 만료되었습니다. -> 만료되었습니다. -> 만료되었습니다.
112.152.75.113,192.168.0.1 -> 만료되었습니다. -> 100.81.225.213 -> 10.67.254.158 -> 10.222.9.14 -> 10.222.32.121 -> 211.44.125.201 -> 만료되었습니다. -> 만료되었습니다. -> 만료되었습니다. -> 1.208.178.118 -> 만료되었습니다.
112.153.204.195,만료되었습니다. -> 58.226.48.65 -> 100.81.225.217 -> 10.67.254.164 -> 10.222.22.236 -> 10.222.10.177 -> 211.44.125.205 -> 만료되었습니다. -> 만료되었습니다. -> 만료되었습니다. -> 1.208.104.230 -> 만료되었습니다.
121.163.107.209,만료되었습니다. -> 58.226.48.65 -> 100.81.225.217 -> 10.67.254.162 -> 10.222.22.234 -> 10.222.10.177 -> 211.44.125.45 -> 만료되었습니다. -> 112.174.63.170 -> 만료되었습니다. -> 만료되었습니다. -> 121.163.107.209
106.248.202.11,만료되었습니다. -> 58.226.48.65 -> 100.81.225.217 -> 10.67.254.162 -> 10.222.9.8 -> 10.222.32.143 -> 211.44.125.203 -> 만료되었습니다. -> 만료되었습니다. -> 만료되었습니다. -> 만료되었습니다. -> 1.208.144.102
211.234.183.225,만료되었습니다. -> 58.226.48.65 -> 100.81.225.217 -> 10.67.254.164 -> 10.222.9.6 -> 10.222.10.123 -> 만료되었습니다. -> 만료되었습니다. -> 만료되었습니다. -> 만료되었습니다. -> 만료되었습니다. -> 만료되었습니다.
106.101.73.113,만료되었습니다. -> 58.226.48.65 -> 100.81.225.217 -> 10.67.254.164 -> 10.222.9.6 -> 10.222.10.137 -> 124.111.70.33 -> 123.141.245.202 -> 만료되었습니다. -> 만료되었습니다. -> 만료되었습니다. -> 만료되었습니다.
119.193.18.101,만료되었습니다. -> 58.226.48.65 -> 100.81.225.213 -> 10.67.254.152 -> 10.222.35.214 -> 10.222.11.199 -> 211.44.125.215 -> 만료되었습니다. -> 112.174.58.90 -> 만료되었습니다. -> 59.7.10.22 -> 만료되었습니다.
182.209.121.23,만료되었습니다. -> 58.226.48.65 -> 100.81.225.217 -> 10.67.254.162 -> 10.222.35.214 -> 10.222.32.125 -> 211.44.125.201 -> 만료되었습니다. -> 만료되었습니다. -> 만료되었습니다. -> 1.208.148.142 -> 1.213.106.194
14.4.158.45,만료되었습니다. -> 58.226.48.65 -> 100.81.225.217 -> 10.67.254.162 -> 10.222.22.238 -> 10.222.11.185 -> 211.44.125.209 -> 만료되었습니다. -> 만료되었습니다. -> 211.63.38.85 -> 1.208.112.66 -> 1.208.167.30
116.41.91.55,만료되었습니다. -> 58.226.48.65 -> 100.81.225.217 -> 10.67.254.166 -> 10.222.22.236 -> 10.222.32.79 -> 115.89.240.245 -> 만료되었습니다. -> 만료되었습니다. -> 211.63.38.85 -> 1.213.113.202 -> 1.213.107.38
121.163.75.153,만료되었습니다. -> 58.226.48.65 -> 100.81.225.213 -> 10.67.254.152 -> 10.222.18.150 -> 10.222.10.181 -> 211.44.125.45 -> 만료되었습니다. -> 112.174.58.94 -> 만료되었습니다. -> 만료되었습니다. -> 121.163.75.153
58.234.233.85,192.168.0.1 -> 58.226.48.65 -> 100.81.225.217 -> 10.67.254.166 -> 10.222.9.6 -> 10.222.24.67 -> 10.65.253.83 -> 100.74.67.154 -> 100.74.99.82 -> 58.234.233.85
106.101.201.151,192.168.0.1 -> 만료되었습니다. -> 100.81.225.217 -> 10.67.254.162 -> 10.222.22.234 -> 10.222.10.141 -> 124.111.70.35 -> 1.208.178.198 -> 만료되었습니다. -> 만료되었습니다. -> 만료되었습니다. -> 만료되었습니다.
118.235.74.73,만료되었습니다. -> 58.226.48.65 -> 100.81.225.213 -> 10.67.254.154 -> 10.222.9.0 -> 10.222.10.133 -> 124.111.70.45 -> 110.69.34.17 -> 110.69.32.10 -> 만료되었습니다. -> 만료되었습니다. -> 만료되었습니다.
211.216.154.95,만료되었습니다. -> 58.226.48.65 -> 100.81.225.213 -> 10.67.254.152 -> 10.222.9.12 -> 10.222.32.123 -> 218.145.32.17 -> 만료되었습니다. -> 112.174.56.138 -> 만료되었습니다. -> 만료되었습니다. -> 211.216.154.95
1.236.204.149,만료되었습니다. -> 58.226.48.65 -> 100.81.225.217 -> 10.67.254.164 -> 10.222.18.160 -> 10.222.24.251 -> 10.65.253.87 -> 100.74.167.146 -> 1.236.204.149
118.235.10.185,만료되었습니다. -> 58.226.48.65 -> 100.81.225.217 -> 10.67.254.164 -> 10.222.35.210 -> 10.222.10.137 -> 124.111.70.45 -> 110.69.19.21 -> 110.69.17.10 -> 만료되었습니다. -> 만료되었습니다. -> 만료되었습니다.
125.177.248.143,만료되었습니다. -> 58.226.48.65 -> 100.81.225.217 -> 10.67.254.164 -> 10.222.9.6 -> 10.222.32.55 -> 210.120.1.105 -> 만료되었습니다. -> 만료되었습니다. -> 만료되었습니다. -> 1.208.112.2 -> 1.213.106.106
1.236.179.59,만료되었습니다. -> 58.226.48.65 -> 100.81.225.217 -> 10.67.254.162 -> 10.222.22.238 -> 10.222.24.251 -> 10.65.253.71 -> 100.74.150.198 -> 100.74.151.158 -> 1.236.179.59
58.77.186.157,만료되었습니다. -> 58.226.48.65 -> 100.81.225.217 -> 10.67.254.164 -> 10.222.9.10 -> 10.222.32.143 -> 211.44.125.203 -> 만료되었습니다. -> 만료되었습니다. -> 만료되었습니다. -> 1.208.145.238 -> 1.213.106.194
211.235.70.161,만료되었습니다. -> 58.226.48.65 -> 100.81.225.217 -> 10.67.254.164 -> 10.222.9.2 -> 10.222.10.127 -> 만료되었습니다. -> 만료되었습니다. -> 만료되었습니다. -> 만료되었습니다. -> 만료되었습니다. -> 만료되었습니다.
106.101.205.23,192.168.0.1 -> 58.226.48.65 -> 100.81.225.213 -> 10.67.254.158 -> 10.222.35.210 -> 10.222.10.137 -> 124.111.70.33 -> 1.208.104.86 -> 만료되었습니다. -> 만료되었습니다. -> 만료되었습니다. -> 만료되었습니다.
1.236.187.149,만료되었습니다. -> 58.226.48.65 -> 100.81.225.213 -> 10.67.254.152 -> 10.222.35.214 -> 10.222.24.71 -> 10.65.253.91 -> 만료되었습니다. -> 1.236.187.149
58.29.176.35,192.168.0.1 -> 58.226.48.65 -> 100.81.225.217 -> 10.67.254.166 -> 10.222.9.2 -> 10.222.32.47 -> 211.44.125.197 -> 만료되었습니다. -> 만료되었습니다. -> 만료되었습니다. -> 1.213.149.114 -> 만료되었습니다.
220.121.145.111,만료되었습니다. -> 58.226.48.65 -> 100.81.225.213 -> 10.67.254.154 -> 10.222.18.150 -> 10.222.32.87 -> 218.145.32.29 -> 만료되었습니다. -> 112.174.56.42 -> 만료되었습니다. -> 만료되었습니다. -> 220.121.145.111
211.235.99.161,만료되었습니다. -> 58.226.48.65 -> 100.81.225.213 -> 10.67.254.158 -> 10.222.22.240 -> 10.222.15.217 -> 만료되었습니다. -> 만료되었습니다. -> 만료되었습니다. -> 만료되었습니다. -> 만료되었습니다. -> 만료되었습니다.
49.50.162.133,만료되었습니다. -> 58.226.48.65 -> 100.81.225.213 -> 10.67.254.154 -> 10.222.9.12 -> 10.222.11.157 -> 222.237.11.27 -> 만료되었습니다. -> 만료되었습니다. -> 만료되었습니다. -> 만료되었습니다. -> 만료되었습니다.
221.168.202.5,192.168.0.1 -> 58.226.48.65 -> 100.81.225.213 -> 10.67.254.158 -> 10.222.22.236 -> 10.222.10.175 -> 59.18.60.233 -> 만료되었습니다. -> 112.174.116.70 -> 만료되었습니다. -> 만료되었습니다. -> 221.168.202.5
125.177.30.171,만료되었습니다. -> 58.226.48.65 -> 100.81.225.213 -> 10.67.254.158 -> 10.222.22.236 -> 10.222.10.179 -> 115.89.240.241 -> 만료되었습니다. -> 만료되었습니다. -> 만료되었습니다. -> 1.213.112.10 -> 1.213.152.174
1.236.136.65,만료되었습니다. -> 58.226.48.65 -> 100.81.225.213 -> 10.67.254.154 -> 10.222.22.238 -> 10.222.24.251 -> 10.65.251.25 -> 만료되었습니다. -> 1.236.136.65
211.63.159.21,만료되었습니다. -> 58.226.48.65 -> 100.81.225.217 -> 10.67.254.164 -> 10.222.35.212 -> 10.222.32.113 -> 218.145.32.17 -> 만료되었습니다. -> 112.174.56.138 -> 만료되었습니다. -> 112.188.81.66 -> 211.63.159.21
211.237.115.161,192.168.0.1 -> 58.226.48.65 -> 100.81.225.213 -> 10.67.254.158 -> 10.222.22.240 -> 10.222.11.157 -> 39.120.4.159 -> 만료되었습니다. -> 만료되었습니다. -> 만료되었습니다. -> 만료되었습니다. -> 만료되었습니다.
211.206.29.191,만료되었습니다. -> 58.226.48.65 -> 100.81.225.213 -> 10.67.254.154 -> 10.222.35.214 -> 10.222.24.255 -> 10.65.253.87 -> 100.74.166.138 -> 100.74.166.146 -> 211.206.29.191
106.101.0.191,만료되었습니다. -> 58.226.48.65 -> 100.81.225.217 -> 10.67.254.166 -> 10.222.9.10 -> 10.222.11.147 -> 124.111.70.37 -> 123.141.246.50 -> 만료되었습니다. -> 만료되었습니다. -> 만료되었습니다. -> 만료되었습니다.
106.101.74.95,만료되었습니다. -> 58.226.48.65 -> 100.81.225.213 -> 10.67.254.156 -> 10.222.35.210 -> 10.222.10.137 -> 124.111.70.33 -> 123.142.0.126 -> 만료되었습니다. -> 만료되었습니다. -> 만료되었습니다. -> 만료되었습니다.
115.138.20.45,만료되었습니다. -> 58.226.48.65 -> 100.81.225.213 -> 10.67.254.158 -> 10.222.9.14 -> 10.222.11.211 -> 115.89.240.121 -> 만료되었습니다. -> 만료되었습니다. -> 만료되었습니다. -> 만료되었습니다. -> 1.208.167.126
162.120.184.41,만료되었습니다. -> 58.226.48.65 -> 100.81.225.217 -> 10.67.254.166 -> 10.222.22.240 -> 10.222.11.105 -> 209.85.149.106 -> 216.239.59.33 -> 142.251.238.122 -> 209.85.246.83 -> 192.178.105.20 -> 142.251.50.179
149.34.251.231,만료되었습니다. -> 58.226.48.65 -> 100.81.225.217 -> 10.67.254.166 -> 10.222.22.240 -> 10.222.11.175 -> 10.222.1.57 -> 101.203.74.30 -> 79.127.195.164 -> 149.34.251.231
112.158.255.65,만료되었습니다. -> 58.226.48.65 -> 100.81.225.213 -> 10.67.254.154 -> 10.222.22.234 -> 10.222.32.51 -> 211.44.125.197 -> 만료되었습니다. -> 만료되었습니다. -> 만료되었습니다. -> 만료되었습니다. -> 1.208.167.126
211.48.118.21,만료되었습니다. -> 만료되었습니다. -> 100.81.225.217 -> 10.67.254.166 -> 10.222.22.240 -> 10.222.11.197 -> 211.44.125.221 -> 만료되었습니다. -> 112.174.63.170 -> 만료되었습니다. -> 112.188.81.50 -> 211.48.118.21
182.209.126.239,192.168.0.1 -> 58.226.48.65 -> 100.81.225.217 -> 10.67.254.164 -> 10.222.18.160 -> 10.222.11.205 -> 115.89.240.121 -> 만료되었습니다. -> 만료되었습니다. -> 만료되었습니다. -> 만료되었습니다. -> 1.208.167.126
211.107.89.131,만료되었습니다. -> 58.226.48.65 -> 100.81.225.213 -> 10.67.254.152 -> 10.222.18.148 -> 10.222.10.179 -> 211.44.125.213 -> 만료되었습니다. -> 112.174.56.42 -> 만료되었습니다. -> 112.188.87.50 -> 만료되었습니다.
1.236.170.39,만료되었습니다. -> 58.226.48.65 -> 100.81.225.217 -> 10.67.254.166 -> 10.222.9.10 -> 10.222.24.69 -> 10.65.251.3 -> 100.74.4.70 -> 1.236.170.39
14.58.119.19,192.168.0.1 -> 만료되었습니다. -> 100.81.225.213 -> 10.67.254.154 -> 10.222.35.208 -> 10.222.10.185 -> 211.44.125.45 -> 만료되었습니다. -> 112.174.58.86 -> 만료되었습니다. -> 만료되었습니다. -> 14.58.119.19
220.121.188.11,만료되었습니다. -> 58.226.48.65 -> 100.81.225.213 -> 10.67.254.158 -> 10.222.9.2 -> 10.222.10.175 -> 211.44.125.45 -> 만료되었습니다. -> 112.174.56.134 -> 만료되었습니다. -> 112.188.93.138 -> 220.121.188.11
180.230.158.89,만료되었습니다. -> 58.226.48.65 -> 100.81.225.213 -> 10.67.254.152 -> 10.222.9.4 -> 10.222.32.59 -> 210.120.1.105 -> 만료되었습니다. -> 만료되었습니다. -> 만료되었습니다. -> 만료되었습니다. -> 1.208.167.30
223.38.48.121,만료되었습니다. -> 58.226.48.65 -> 100.81.225.217 -> 10.67.254.164 -> 10.222.22.236 -> 10.222.16.65 -> 만료되었습니다. -> 만료되었습니다. -> 만료되었습니다. -> 만료되었습니다. -> 만료되었습니다. -> 만료되었습니다.
180.67.238.171,192.168.0.1 -> 만료되었습니다. -> 100.81.225.213 -> 10.67.254.154 -> 10.222.22.234 -> 10.222.24.243 -> 10.65.253.67 -> 100.74.81.246 -> 만료되었습니다. -> 만료되었습니다. -> 만료되었습니다. -> 만료되었습니다.
220.121.173.213,만료되었습니다. -> 58.226.48.65 -> 100.81.225.213 -> 10.67.254.152 -> 10.222.18.148 -> 10.222.32.81 -> 59.18.60.241 -> 만료되었습니다. -> 112.174.57.218 -> 만료되었습니다. -> 112.188.83.58 -> 만료되었습니다.
1.224.14.57,만료되었습니다. -> 58.226.48.65 -> 100.81.225.213 -> 10.67.254.158 -> 10.222.18.158 -> 10.222.24.245 -> 10.65.253.53 -> 100.74.139.78 -> 100.74.129.62 -> 1.224.14.57
211.234.183.147,만료되었습니다. -> 58.226.48.65 -> 100.81.225.213 -> 10.67.254.152 -> 10.222.35.214 -> 10.222.16.75 -> 만료되었습니다. -> 만료되었습니다. -> 만료되었습니다. -> 만료되었습니다. -> 만료되었습니다. -> 만료되었습니다.
118.235.4.9,만료되었습니다. -> 58.226.48.65 -> 100.81.225.217 -> 10.67.254.162 -> 10.222.18.148 -> 10.222.10.141 -> 124.111.70.47 -> 110.69.34.29 -> 110.69.32.22 -> 만료되었습니다. -> 만료되었습니다. -> 만료되었습니다.
114.203.226.9,만료되었습니다. -> 만료되었습니다. -> 100.81.225.217 -> 10.67.254.166 -> 10.222.22.240 -> 10.222.24.255 -> 10.65.251.31 -> 100.74.160.178 -> 114.203.226.9
1.236.199.75,만료되었습니다. -> 58.226.48.65 -> 100.81.225.213 -> 10.67.254.156 -> 10.222.9.14 -> 10.222.24.71 -> 10.65.253.91 -> 100.74.167.122 -> 1.236.199.75
210.104.21.239,만료되었습니다. -> 만료되었습니다. -> 100.81.225.213 -> 10.67.254.154 -> 10.222.9.4 -> 10.222.19.171 -> 10.222.25.69 -> 10.45.251.239 -> 10.45.254.131 -> 100.80.49.110 -> 103.145.215.71 -> 103.145.215.91
14.38.183.57,만료되었습니다. -> 만료되었습니다. -> 100.81.225.217 -> 10.67.254.162 -> 10.222.35.214 -> 10.222.32.121 -> 218.145.32.17 -> 만료되었습니다. -> 112.174.63.166 -> 만료되었습니다. -> 만료되었습니다. -> 14.38.183.57
182.212.45.157,만료되었습니다. -> 58.226.48.65 -> 100.81.225.217 -> 10.67.254.162 -> 10.222.18.148 -> 10.222.10.175 -> 115.89.240.241 -> 만료되었습니다. -> 만료되었습니다. -> 만료되었습니다. -> 만료되었습니다. -> 1.208.167.126
222.234.197.243,만료되었습니다. -> 58.226.48.65 -> 100.81.225.213 -> 10.67.254.152 -> 10.222.35.208 -> 10.222.24.245 -> 10.65.251.19 -> 100.74.81.234 -> 222.234.197.243
61.43.122.115,만료되었습니다. -> 58.226.48.65 -> 100.81.225.217 -> 10.67.254.160 -> 10.222.9.4 -> 10.222.32.55 -> 211.44.125.197 -> 만료되었습니다. -> 만료되었습니다. -> 만료되었습니다. -> 1.213.149.114 -> 만료되었습니다.
223.38.181.143,만료되었습니다. -> 58.226.48.65 -> 100.81.225.213 -> 10.67.254.154 -> 10.222.18.148 -> 10.222.10.117 -> 만료되었습니다. -> 만료되었습니다. -> 만료되었습니다. -> 만료되었습니다. -> 만료되었습니다. -> 만료되었습니다.
211.234.234.45,만료되었습니다. -> 58.226.48.65 -> 100.81.225.213 -> 10.67.254.156 -> 10.222.18.160 -> 10.222.11.129 -> 만료되었습니다. -> 만료되었습니다. -> 만료되었습니다. -> 만료되었습니다. -> 만료되었습니다. -> 만료되었습니다.
58.29.187.89,192.168.0.1 -> 만료되었습니다. -> 100.81.225.217 -> 10.67.254.164 -> 10.222.9.6 -> 10.222.10.203 -> 211.32.41.249 -> 만료되었습니다. -> 만료되었습니다. -> 만료되었습니다. -> 1.208.179.126 -> 만료되었습니다.
61.97.56.183,만료되었습니다. -> 만료되었습니다. -> 100.81.225.217 -> 10.67.254.160 -> 10.222.18.148 -> 10.222.32.85 -> 115.89.240.245 -> 만료되었습니다. -> 만료되었습니다. -> 211.63.38.85 -> 1.208.105.230 -> 만료되었습니다.
124.57.15.37,만료되었습니다. -> 58.226.48.65 -> 100.81.225.213 -> 10.67.254.152 -> 10.222.22.238 -> 10.222.32.143 -> 115.90.14.129 -> 만료되었습니다. -> 만료되었습니다. -> 만료되었습니다. -> 1.208.145.178 -> 1.208.144.250
1.236.193.41,만료되었습니다. -> 58.226.48.65 -> 100.81.225.217 -> 10.67.254.162 -> 10.222.9.12 -> 10.222.24.253 -> 10.65.253.77 -> 100.74.167.122 -> 1.236.193.41
118.235.66.185,만료되었습니다. -> 만료되었습니다. -> 100.81.225.213 -> 10.67.254.156 -> 10.222.9.6 -> 10.222.10.145 -> 124.111.70.47 -> 110.69.19.29 -> 110.69.17.2 -> 만료되었습니다. -> 만료되었습니다. -> 만료되었습니다.
122.32.7.91,만료되었습니다. -> 58.226.48.65 -> 100.81.225.217 -> 10.67.254.164 -> 10.222.18.160 -> 10.222.11.189 -> 210.120.1.141 -> 만료되었습니다. -> 만료되었습니다. -> 만료되었습니다. -> 1.208.112.6 -> 1.208.144.102
223.38.178.141,만료되었습니다. -> 58.226.48.65 -> 100.81.225.213 -> 10.67.254.152 -> 10.222.9.4 -> 10.222.15.205 -> 만료되었습니다. -> 만료되었습니다. -> 만료되었습니다. -> 만료되었습니다. -> 만료되었습니다. -> 만료되었습니다.
106.101.82.107,만료되었습니다. -> 58.226.48.65 -> 100.81.225.217 -> 10.67.254.166 -> 10.222.9.10 -> 10.222.11.147 -> 124.111.70.37 -> 123.141.245.206 -> 만료되었습니다. -> 만료되었습니다. -> 만료되었습니다. -> 만료되었습니다.
175.123.180.117,만료되었습니다. -> 58.226.48.65 -> 100.81.225.217 -> 10.67.254.166 -> 10.222.22.236 -> 10.222.24.241 -> 10.65.253.77 -> 100.74.96.22 -> 만료되었습니다. -> 만료되었습니다. -> 만료되었습니다. -> 만료되었습니다.
61.39.35.173,만료되었습니다. -> 만료되었습니다. -> 100.81.225.217 -> 10.67.254.166 -> 10.222.9.6 -> 10.222.10.199 -> 211.44.125.207 -> 만료되었습니다. -> 만료되었습니다. -> 만료되었습니다. -> 1.208.105.230 -> 만료되었습니다.
175.193.239.11,만료되었습니다. -> 58.226.48.65 -> 100.81.225.213 -> 10.67.254.156 -> 10.222.35.212 -> 10.222.11.201 -> 211.44.125.225 -> 만료되었습니다. -> 112.174.56.114 -> 만료되었습니다. -> 175.193.239.11
118.235.85.215,192.168.0.1 -> 58.226.48.65 -> 100.81.225.217 -> 10.67.254.166 -> 10.222.18.156 -> 10.222.10.143 -> 124.111.70.47 -> 110.69.18.25 -> 110.69.16.50 -> 만료되었습니다. -> 만료되었습니다. -> 만료되었습니다.
14.4.158.23,만료되었습니다. -> 58.226.48.65 -> 100.81.225.213 -> 10.67.254.158 -> 10.222.9.10 -> 10.222.11.203 -> 115.89.240.121 -> 만료되었습니다. -> 만료되었습니다. -> 만료되었습니다. -> 만료되었습니다. -> 1.208.144.102
119.193.18.121,192.168.0.1 -> 58.226.48.65 -> 100.81.225.213 -> 10.67.254.154 -> 10.222.22.238 -> 10.222.11.201 -> 211.44.125.219 -> 만료되었습니다. -> 112.174.56.38 -> 만료되었습니다. -> 59.7.10.22 -> 1.236.2.194
125.142.4.189,만료되었습니다. -> 58.226.48.65 -> 100.81.225.213 -> 10.67.254.156 -> 10.222.18.156 -> 10.222.10.191 -> 211.44.125.217 -> 만료되었습니다. -> 112.174.56.142 -> 만료되었습니다. -> 112.188.93.58 -> 125.142.4.189
1.236.20.27,192.168.0.1 -> 58.226.48.65 -> 100.81.225.217 -> 10.67.254.166 -> 10.222.22.236 -> 10.222.24.241 -> 10.65.251.21 -> 100.74.167.122 -> 1.236.20.27
211.234.195.25,만료되었습니다. -> 58.226.48.65 -> 100.81.225.217 -> 10.67.254.166 -> 10.222.18.162 -> 10.222.16.75 -> 만료되었습니다. -> 만료되었습니다. -> 만료되었습니다. -> 만료되었습니다. -> 만료되었습니다. -> 만료되었습니다.
58.29.177.129,192.168.0.1 -> 58.226.48.65 -> 100.81.225.217 -> 10.67.254.166 -> 10.222.9.14 -> 10.222.11.215 -> 115.89.240.121 -> 만료되었습니다. -> 만료되었습니다. -> 만료되었습니다. -> 1.213.149.114 -> 만료되었습니다.
211.251.167.21,만료되었습니다. -> 58.226.48.65 -> 100.81.225.217 -> 10.67.254.162 -> 10.222.9.0 -> 10.222.10.175 -> 59.18.60.233 -> 만료되었습니다. -> 112.174.56.46 -> 만료되었습니다. -> 112.188.85.54 -> 211.251.167.21
116.120.144.177,192.168.0.1 -> 58.226.48.65 -> 100.81.225.213 -> 10.67.254.158 -> 10.222.35.210 -> 10.222.24.247 -> 10.65.251.27 -> 100.74.81.246 -> 116.120.144.177
222.233.104.195,만료되었습니다. -> 58.226.48.65 -> 100.81.225.213 -> 10.67.254.158 -> 10.222.18.156 -> 10.222.24.65 -> 10.65.251.57 -> 100.74.54.194 -> 100.74.80.242 -> 222.233.104.195
106.101.8.23,만료되었습니다. -> 58.226.48.65 -> 100.81.225.213 -> 10.67.254.152 -> 10.222.35.208 -> 10.222.10.137 -> 124.111.70.33 -> 123.142.0.126 -> 만료되었습니다. -> 만료되었습니다. -> 만료되었습니다. -> 만료되었습니다.
122.32.165.135,만료되었습니다. -> 58.226.48.65 -> 100.81.225.217 -> 10.67.254.160 -> 10.222.9.0 -> 10.222.10.193 -> 211.32.41.249 -> 만료되었습니다. -> 만료되었습니다. -> 만료되었습니다. -> 만료되었습니다. -> 1.208.144.102
110.12.59.175,만료되었습니다. -> 58.226.48.65 -> 100.81.225.213 -> 10.67.254.156 -> 10.222.18.158 -> 10.222.24.67 -> 10.65.251.5 -> 100.74.139.2 -> 100.74.130.246 -> 110.12.59.175
106.101.211.215,192.168.0.1 -> 만료되었습니다. -> 100.81.225.217 -> 10.67.254.160 -> 10.222.35.214 -> 10.222.11.151 -> 124.111.70.37 -> 123.140.8.238 -> 만료되었습니다. -> 만료되었습니다. -> 만료되었습니다. -> 만료되었습니다.
183.97.181.25,만료되었습니다. -> 58.226.48.65 -> 100.81.225.217 -> 10.67.254.162 -> 10.222.35.214 -> 10.222.32.119 -> 218.145.32.33 -> 만료되었습니다. -> 112.174.56.142 -> 만료되었습니다. -> 만료되었습니다. -> 183.97.181.25
106.245.7.53,만료되었습니다. -> 만료되었습니다. -> 100.81.225.217 -> 10.67.254.164 -> 10.222.22.236 -> 10.222.32.83 -> 211.44.125.199 -> 만료되었습니다. -> 만료되었습니다. -> 만료되었습니다. -> 만료되었습니다. -> 1.213.106.194
119.193.18.35,만료되었습니다. -> 58.226.48.65 -> 100.81.225.217 -> 10.67.254.166 -> 10.222.9.2 -> 10.222.32.83 -> 218.145.32.29 -> 만료되었습니다. -> 112.174.58.86 -> 만료되었습니다. -> 59.7.10.26 -> 1.236.2.193
223.38.182.179,만료되었습니다. -> 58.226.48.65 -> 100.81.225.213 -> 10.67.254.154 -> 10.222.18.152 -> 10.222.16.73 -> 만료되었습니다. -> 만료되었습니다. -> 만료되었습니다. -> 만료되었습니다. -> 만료되었습니다. -> 만료되었습니다.
106.101.200.173,만료되었습니다. -> 58.226.48.65 -> 100.81.225.217 -> 10.67.254.164 -> 10.222.35.210 -> 10.222.10.139 -> 124.111.70.33 -> 115.92.243.194 -> 만료되었습니다. -> 만료되었습니다. -> 만료되었습니다. -> 만료되었습니다.
203.238.231.63,만료되었습니다. -> 58.226.48.65 -> 100.81.225.213 -> 10.67.254.154 -> 10.222.22.234 -> 10.222.19.163 -> 10.222.24.223 -> 만료되었습니다. -> 175.114.0.146 -> 만료되었습니다. -> 만료되었습니다. -> 만료되었습니다.
58.29.228.101,만료되었습니다. -> 58.226.48.65 -> 100.81.225.217 -> 10.67.254.166 -> 10.222.22.236 -> 10.222.10.177 -> 211.44.125.205 -> 만료되었습니다. -> 만료되었습니다. -> 만료되었습니다. -> 1.208.168.86 -> 만료되었습니다.
175.112.49.111,192.168.0.1 -> 58.226.48.65 -> 100.81.225.217 -> 10.67.254.164 -> 10.222.9.14 -> 10.222.24.255 -> 10.65.253.91 -> 100.74.161.194 -> 175.112.49.111
211.235.94.229,192.168.0.1 -> 만료되었습니다. -> 100.81.225.217 -> 10.67.254.160 -> 10.222.9.8 -> 10.222.11.137 -> 만료되었습니다. -> 만료되었습니다. -> 만료되었습니다. -> 만료되었습니다. -> 만료되었습니다. -> 만료되었습니다.
211.234.224.21,만료되었습니다. -> 만료되었습니다. -> 100.81.225.213 -> 10.67.254.156 -> 10.222.18.162 -> 10.222.11.133 -> 만료되었습니다. -> 만료되었습니다. -> 만료되었습니다. -> 만료되었습니다. -> 만료되었습니다. -> 만료되었습니다.
211.36.147.187,만료되었습니다. -> 58.226.48.65 -> 100.81.225.217 -> 10.67.254.162 -> 10.222.22.238 -> 10.222.11.153 -> 124.111.70.39 -> 211.168.100.82 -> 만료되었습니다. -> 만료되었습니다. -> 만료되었습니다. -> 만료되었습니다.
49.236.127.189,192.168.0.1 -> 58.226.48.65 -> 100.81.225.217 -> 10.67.254.166 -> 10.222.35.212 -> 10.222.11.207 -> 115.89.240.121 -> 만료되었습니다. -> 만료되었습니다. -> 만료되었습니다. -> 만료되었습니다. -> 1.208.144.102
119.193.18.175,만료되었습니다. -> 58.226.48.65 -> 100.81.225.213 -> 10.67.254.154 -> 10.222.18.148 -> 10.222.32.83 -> 59.18.60.241 -> 만료되었습니다. -> 112.174.56.46 -> 만료되었습니다. -> 59.7.10.26 -> 1.236.2.193
211.234.183.27,만료되었습니다. -> 58.226.48.65 -> 100.81.225.217 -> 10.67.254.162 -> 10.222.18.148 -> 10.222.10.119 -> 만료되었습니다. -> 만료되었습니다. -> 만료되었습니다. -> 만료되었습니다. -> 만료되었습니다. -> 만료되었습니다.
182.231.89.57,만료되었습니다. -> 58.226.48.65 -> 100.81.225.217 -> 10.67.254.162 -> 10.222.22.234 -> 10.222.32.49 -> 210.120.1.105 -> 만료되었습니다. -> 만료되었습니다. -> 만료되었습니다. -> 만료되었습니다. -> 1.208.144.250
211.234.234.145,만료되었습니다. -> 58.226.48.65 -> 100.81.225.217 -> 10.67.254.166 -> 10.222.22.236 -> 10.222.10.119 -> 만료되었습니다. -> 만료되었습니다. -> 만료되었습니다. -> 만료되었습니다. -> 만료되었습니다. -> 만료되었습니다.
58.234.86.145,만료되었습니다. -> 58.226.48.65 -> 100.81.225.213 -> 10.67.254.152 -> 10.222.35.214 -> 10.222.24.255 -> 10.65.251.59 -> 100.74.54.194 -> 100.74.81.194 -> 58.234.86.145
182.209.119.67,192.168.0.1 -> 만료되었습니다. -> 100.81.225.217 -> 10.67.254.162 -> 10.222.9.0 -> 10.222.32.85 -> 211.44.125.199 -> 만료되었습니다. -> 만료되었습니다. -> 만료되었습니다. -> 만료되었습니다. -> 1.208.167.126
175.115.187.7,만료되었습니다. -> 58.226.48.65 -> 100.81.225.217 -> 10.67.254.162 -> 10.222.9.8 -> 10.222.24.249 -> 10.65.253.93 -> 100.74.168.158 -> 175.115.187.7
66.220.149.15,만료되었습니다. -> 58.226.48.65 -> 100.81.225.217 -> 10.67.254.162 -> 10.222.35.208 -> 10.222.10.161 -> 10.222.2.23 -> 157.240.94.110 -> 147.75.216.68 -> 147.75.219.130 -> 129.134.51.54 -> 129.134.33.33
183.97.151.233,만료되었습니다. -> 58.226.48.65 -> 100.81.225.217 -> 10.67.254.164 -> 10.222.9.10 -> 10.222.11.207 -> 211.44.125.219 -> 만료되었습니다. -> 112.174.56.46 -> 만료되었습니다. -> 만료되었습니다. -> 183.97.151.233
1.236.115.117,만료되었습니다. -> 58.226.48.65 -> 100.81.225.217 -> 10.67.254.166 -> 10.222.9.2 -> 10.222.24.241 -> 10.65.251.19 -> 100.74.12.254 -> 100.74.166.146 -> 1.236.115.117
211.234.234.223,만료되었습니다. -> 58.226.48.65 -> 100.81.225.217 -> 10.67.254.162 -> 10.222.18.150 -> 10.222.15.205 -> 만료되었습니다. -> 만료되었습니다. -> 만료되었습니다. -> 만료되었습니다. -> 만료되었습니다. -> 만료되었습니다.
118.235.10.183,만료되었습니다. -> 58.226.48.65 -> 100.81.225.213 -> 10.67.254.152 -> 10.222.18.152 -> 10.222.11.153 -> 124.111.70.43 -> 110.69.19.13 -> 110.69.17.6 -> 만료되었습니다. -> 만료되었습니다. -> 만료되었습니다.
119.193.9.243,만료되었습니다. -> 58.226.48.65 -> 100.81.225.217 -> 10.67.254.164 -> 10.222.35.210 -> 10.222.10.187 -> 59.18.60.233 -> 만료되었습니다. -> 112.174.56.130 -> 만료되었습니다. -> 112.188.81.82 -> 119.193.9.243
211.234.234.163,만료되었습니다. -> 58.226.48.65 -> 100.81.225.217 -> 10.67.254.162 -> 10.222.18.152 -> 10.222.11.131 -> 만료되었습니다. -> 만료되었습니다. -> 만료되었습니다. -> 만료되었습니다. -> 만료되었습니다. -> 만료되었습니다.
211.235.66.73,만료되었습니다. -> 58.226.48.65 -> 100.81.225.217 -> 10.67.254.162 -> 10.222.9.12 -> 10.222.11.143 -> 만료되었습니다. -> 만료되었습니다. -> 만료되었습니다. -> 만료되었습니다. -> 만료되었습니다. -> 만료되었습니다.
211.234.224.35,만료되었습니다. -> 58.226.48.65 -> 100.81.225.213 -> 10.67.254.152 -> 10.222.35.208 -> 10.222.10.121 -> 만료되었습니다. -> 만료되었습니다. -> 만료되었습니다. -> 만료되었습니다. -> 만료되었습니다. -> 만료되었습니다.
112.153.205.243,192.168.0.1 -> 58.226.48.65 -> 100.81.225.213 -> 10.67.254.156 -> 10.222.35.210 -> 10.222.32.91 -> 211.44.125.199 -> 만료되었습니다. -> 만료되었습니다. -> 만료되었습니다. -> 만료되었습니다. -> 만료되었습니다.
175.223.11.229,만료되었습니다. -> 58.226.48.65 -> 100.81.225.217 -> 10.67.254.164 -> 10.222.18.160 -> 10.222.11.147 -> 124.111.70.41 -> 110.69.18.1 -> 110.69.16.2 -> 만료되었습니다. -> 만료되었습니다. -> 만료되었습니다.
118.235.27.65,만료되었습니다. -> 58.226.48.65 -> 100.81.225.213 -> 10.67.254.158 -> 10.222.22.236 -> 10.222.10.141 -> 124.111.70.47 -> 110.69.19.25 -> 110.69.17.34 -> 만료되었습니다. -> 만료되었습니다. -> 만료되었습니다.
125.177.41.229,만료되었습니다. -> 58.226.48.65 -> 100.81.225.217 -> 10.67.254.166 -> 10.222.35.210 -> 10.222.10.201 -> 211.32.41.249 -> 만료되었습니다. -> 만료되었습니다. -> 만료되었습니다. -> 만료되었습니다. -> 1.213.106.194
211.36.175.213,만료되었습니다. -> 58.226.48.65 -> 100.81.225.217 -> 10.67.254.162 -> 10.222.18.152 -> 10.222.11.153 -> 39.120.4.159 -> 만료되었습니다. -> 만료되었습니다. -> 만료되었습니다. -> 211.36.175.213
125.187.32.35,만료되었습니다. -> 58.226.48.65 -> 100.81.225.217 -> 10.67.254.164 -> 10.222.35.210 -> 10.222.32.87 -> 211.44.125.199 -> 만료되었습니다. -> 만료되었습니다. -> 211.53.88.141 -> 1.208.145.238 -> 1.208.144.102
222.238.119.185,만료되었습니다. -> 58.226.48.65 -> 100.81.225.213 -> 10.67.254.156 -> 10.222.9.14 -> 10.222.24.71 -> 10.65.253.21 -> 100.74.139.2 -> 100.74.144.70 -> 222.238.119.185
112.161.90.219,만료되었습니다. -> 58.226.48.65 -> 100.81.225.217 -> 10.67.254.164 -> 10.222.18.158 -> 10.222.32.57 -> 211.44.125.47 -> 만료되었습니다. -> 112.174.56.138 -> 만료되었습니다. -> 만료되었습니다. -> 112.161.90.219
40.77.167.149,만료되었습니다. -> 58.226.48.65 -> 100.81.225.217 -> 10.67.254.160 -> 10.222.9.12 -> 10.222.11.143 -> 39.120.4.151 -> 51.10.53.162 -> 51.10.4.93 -> 51.10.17.246 -> 51.10.2.1 -> 104.44.17.1
223.38.182.191,만료되었습니다. -> 58.226.48.65 -> 100.81.225.217 -> 10.67.254.164 -> 10.222.22.236 -> 10.222.15.203 -> 만료되었습니다. -> 만료되었습니다. -> 만료되었습니다. -> 만료되었습니다. -> 만료되었습니다. -> 만료되었습니다.
106.101.199.39,만료되었습니다. -> 58.226.48.65 -> 100.81.225.217 -> 10.67.254.164 -> 10.222.9.6 -> 10.222.10.137 -> 124.111.70.33 -> 123.140.8.234 -> 만료되었습니다. -> 만료되었습니다. -> 만료되었습니다. -> 만료되었습니다.
106.101.133.45,만료되었습니다. -> 58.226.48.65 -> 100.81.225.213 -> 10.67.254.154 -> 10.222.35.208 -> 10.222.10.147 -> 124.111.70.35 -> 123.140.10.34 -> 만료되었습니다. -> 만료되었습니다. -> 만료되었습니다. -> 만료되었습니다.
61.43.120.213,192.168.0.1 -> 58.226.48.65 -> 100.81.225.213 -> 10.67.254.156 -> 10.222.18.162 -> 10.222.32.157 -> 211.44.125.203 -> 만료되었습니다. -> 만료되었습니다. -> 만료되었습니다. -> 1.208.178.118 -> 만료되었습니다.
160.86.235.165,만료되었습니다. -> 58.226.48.65 -> 100.81.225.213 -> 10.67.254.158 -> 10.222.22.240 -> 10.222.11.173 -> 10.222.1.59 -> 202.232.8.168 -> 만료되었습니다. -> 58.138.98.253 -> 58.138.100.198 -> 202.232.9.14
211.234.198.87,만료되었습니다. -> 58.226.48.65 -> 100.81.225.217 -> 10.67.254.160 -> 10.222.35.214 -> 10.222.11.133 -> 만료되었습니다. -> 만료되었습니다. -> 만료되었습니다. -> 만료되었습니다. -> 만료되었습니다. -> 만료되었습니다.
112.153.214.211,192.168.0.1 -> 만료되었습니다. -> 100.81.225.217 -> 10.67.254.160 -> 10.222.9.8 -> 10.222.11.207 -> 115.89.240.121 -> 만료되었습니다. -> 만료되었습니다. -> 만료되었습니다. -> 1.208.178.118 -> 만료되었습니다.
183.97.216.75,만료되었습니다. -> 58.226.48.65 -> 100.81.225.217 -> 10.67.254.166 -> 10.222.35.212 -> 10.222.11.189 -> 211.44.125.223 -> 만료되었습니다. -> 112.174.56.34 -> 만료되었습니다. -> 112.188.85.38 -> 183.97.216.75
223.38.178.109,만료되었습니다. -> 58.226.48.65 -> 100.81.225.213 -> 10.67.254.152 -> 10.222.18.152 -> 10.222.15.211 -> 만료되었습니다. -> 만료되었습니다. -> 만료되었습니다. -> 만료되었습니다. -> 만료되었습니다. -> 만료되었습니다.
211.234.238.25,만료되었습니다. -> 만료되었습니다. -> 100.81.225.217 -> 10.67.254.160 -> 10.222.22.234 -> 10.222.10.117 -> 만료되었습니다. -> 만료되었습니다. -> 만료되었습니다. -> 만료되었습니다. -> 만료되었습니다. -> 만료되었습니다.
112.153.218.33,만료되었습니다. -> 만료되었습니다. -> 100.81.225.213 -> 10.67.254.156 -> 10.222.18.156 -> 10.222.10.173 -> 115.89.240.241 -> 만료되었습니다. -> 만료되었습니다. -> 만료되었습니다. -> 1.208.179.126 -> 만료되었습니다.
182.215.131.53,만료되었습니다. -> 만료되었습니다. -> 100.81.225.213 -> 10.67.254.152 -> 10.222.35.208 -> 10.222.32.93 -> 211.44.125.199 -> 만료되었습니다. -> 만료되었습니다. -> 만료되었습니다. -> 만료되었습니다. -> 1.208.112.198
106.101.193.243,192.168.0.1 -> 만료되었습니다. -> 100.81.225.213 -> 10.67.254.154 -> 10.222.9.8 -> 10.222.11.145 -> 124.111.70.37 -> 1.208.105.70 -> 만료되었습니다. -> 만료되었습니다. -> 만료되었습니다. -> 만료되었습니다.
106.101.135.107,만료되었습니다. -> 58.226.48.65 -> 100.81.225.217 -> 10.67.254.160 -> 10.222.22.234 -> 10.222.10.135 -> 124.111.70.33 -> 123.140.8.234 -> 만료되었습니다. -> 만료되었습니다. -> 만료되었습니다. -> 만료되었습니다.
106.101.79.185,만료되었습니다. -> 58.226.48.65 -> 100.81.225.213 -> 10.67.254.152 -> 10.222.9.0 -> 10.222.10.141 -> 124.111.70.35 -> 123.141.246.54 -> 만료되었습니다. -> 만료되었습니다. -> 만료되었습니다. -> 만료되었습니다.
58.148.77.225,만료되었습니다. -> 58.226.48.65 -> 100.81.225.213 -> 10.67.254.158 -> 10.222.35.210 -> 10.222.32.91 -> 115.89.240.245 -> 만료되었습니다. -> 만료되었습니다. -> 만료되었습니다. -> 1.208.112.2 -> 1.208.144.250
112.175.184.63,만료되었습니다. -> 58.226.48.65 -> 100.81.225.213 -> 10.67.254.156 -> 10.222.9.6 -> 10.222.32.55 -> 59.18.60.237 -> 만료되었습니다. -> 만료되었습니다. -> 112.191.125.85 -> 112.191.124.161 -> 222.122.73.10
223.38.180.165,만료되었습니다. -> 58.226.48.65 -> 100.81.225.217 -> 10.67.254.160 -> 10.222.18.150 -> 10.222.10.123 -> 만료되었습니다. -> 만료되었습니다. -> 만료되었습니다. -> 만료되었습니다. -> 만료되었습니다. -> 만료되었습니다.
210.108.93.77,만료되었습니다. -> 58.226.48.65 -> 100.81.225.217 -> 10.67.254.166 -> 10.222.22.236 -> 10.222.32.79 -> 211.44.125.199 -> 만료되었습니다. -> 만료되었습니다. -> 만료되었습니다. -> 61.35.243.122 -> 만료되었습니다.
121.143.32.231,만료되었습니다. -> 58.226.48.65 -> 100.81.225.217 -> 10.67.254.166 -> 10.222.9.14 -> 10.222.32.125 -> 59.18.60.225 -> 만료되었습니다. -> 112.174.15.250 -> 만료되었습니다. -> 112.190.100.154 -> 121.143.32.231
61.97.56.245,192.168.0.1 -> 만료되었습니다. -> 100.81.225.213 -> 10.67.254.158 -> 10.222.18.160 -> 10.222.11.185 -> 211.44.125.209 -> 만료되었습니다. -> 만료되었습니다. -> 만료되었습니다. -> 만료되었습니다. -> 만료되었습니다.
106.101.202.13,만료되었습니다. -> 58.226.48.65 -> 100.81.225.213 -> 10.67.254.154 -> 10.222.9.12 -> 10.222.11.159 -> 124.111.70.39 -> 123.140.10.38 -> 만료되었습니다. -> 만료되었습니다. -> 만료되었습니다. -> 만료되었습니다.
210.178.96.129,192.168.0.1 -> 만료되었습니다. -> 100.81.225.213 -> 10.67.254.156 -> 10.222.18.158 -> 10.222.10.187 -> 211.44.125.213 -> 만료되었습니다. -> 112.174.63.162 -> 만료되었습니다. -> 만료되었습니다. -> 210.178.96.129
211.235.73.129,만료되었습니다. -> 만료되었습니다. -> 100.81.225.217 -> 10.67.254.160 -> 10.222.35.214 -> 10.222.11.143 -> 만료되었습니다. -> 만료되었습니다. -> 만료되었습니다. -> 만료되었습니다. -> 만료되었습니다. -> 만료되었습니다.
211.234.238.21,만료되었습니다. -> 58.226.48.65 -> 100.81.225.213 -> 10.67.254.154 -> 10.222.9.12 -> 10.222.11.133 -> 만료되었습니다. -> 만료되었습니다. -> 만료되었습니다. -> 만료되었습니다. -> 만료되었습니다. -> 만료되었습니다.
211.36.143.7,만료되었습니다. -> 58.226.48.65 -> 100.81.225.213 -> 10.67.254.152 -> 10.222.9.4 -> 10.222.10.139 -> 124.111.70.33 -> 211.168.115.10 -> 만료되었습니다. -> 만료되었습니다. -> 만료되었습니다. -> 만료되었습니다.
106.255.64.11,만료되었습니다. -> 58.226.48.65 -> 100.81.225.217 -> 10.67.254.160 -> 10.222.9.12 -> 10.222.32.125 -> 211.44.125.201 -> 만료되었습니다. -> 만료되었습니다. -> 만료되었습니다. -> 1.208.112.102 -> 1.208.167.126
124.57.251.13,192.168.0.1 -> 58.226.48.65 -> 100.81.225.213 -> 10.67.254.152 -> 10.222.9.12 -> 10.222.11.209 -> 211.44.125.211 -> 만료되었습니다. -> 만료되었습니다. -> 만료되었습니다. -> 만료되었습니다. -> 1.213.106.106
125.187.160.21,만료되었습니다. -> 58.226.48.65 -> 100.81.225.217 -> 10.67.254.166 -> 10.222.35.210 -> 10.222.32.55 -> 211.44.125.197 -> 만료되었습니다. -> 만료되었습니다. -> 211.53.88.213 -> 1.208.148.142 -> 1.208.144.102
211.36.152.89,만료되었습니다. -> 58.226.48.65 -> 100.81.225.217 -> 10.67.254.164 -> 10.222.35.212 -> 10.222.11.155 -> 124.111.70.39 -> 211.168.115.38 -> 만료되었습니다. -> 만료되었습니다. -> 만료되었습니다. -> 만료되었습니다.
112.153.205.117,만료되었습니다. -> 58.226.48.65 -> 100.81.225.213 -> 10.67.254.158 -> 10.222.18.156 -> 10.222.10.195 -> 211.44.125.207 -> 만료되었습니다. -> 만료되었습니다. -> 만료되었습니다. -> 만료되었습니다. -> 만료되었습니다.
